lig-ID,premin-score-POSIT,docking-score-POSIT,Vina-score-premin,Vina-score-min,gnina-RMSD,gnina-dock-Affinity,gnina-Affinity-var,CNN_dock_score,CNN_dock_affinity,CNNvariance
ASAP-0013398,-8.955780982971191,-12.833521842956545,-9.517,-9.5,0.39281,-9.48718,-1.79549,0.90036,-7.18038,0.06896
ASAP-0013719,-8.56101131439209,-12.37018871307373,-8.876,-9.052,0.42335,-9.51897,-0.74397,0.92961,-6.86697,0.00997
ASAP-0013731,-7.960264682769775,-14.72395133972168,-8.561,-8.856,0.40336,-8.97449,-0.99311,0.92705,-7.37626,0.0855
ASAP-0011056,-9.465801239013672,-15.046682357788086,-9.093,-9.376,0.5133,-10.28881,-1.53486,0.98088,-7.77907,0.1461
ASAP-0014797,-6.756673812866211,-13.570230484008787,-9.246,-9.503,0.27088,-10.01611,-1.60595,0.92667,-7.50847,0.15098
ASAP-0013267,-5.459611892700195,-14.104536056518556,-9.039,-9.12,0.2453,-9.53662,-1.51392,0.97043,-7.17029,0.05007
ASAP-0014786,-3.743383884429932,-12.297134399414062,-8.559,-9.173,0.47673,-9.45439,-2.55602,0.82883,-7.48127,0.11807
ASAP-0013263,-1.938637971878052,-13.149810791015623,-9.576,-9.777,0.31146,-10.40003,-0.98487,0.91581,-7.50966,0.14555
ASAP-0013405,-8.479904174804688,-13.857307434082031,-10.252,-10.25,0.22003,-10.68642,-1.72799,0.96395,-7.40281,0.18731
ASAP-0014881,-8.051956176757812,-13.02853012084961,-9.578,-9.726,0.24704,-10.11954,-1.52917,0.92241,-7.45934,0.20476
ASAP-0010743,-8.796866416931152,-13.043413162231444,-9.683,-9.884,0.19705,-9.95736,-1.5139,0.94779,-7.43293,0.1385
ASAP-0010754,-4.80908727645874,-15.501220703125,-10.426,-10.412,0.66204,-10.48954,-1.81198,0.94229,-7.61447,0.10694
ASAP-0013299,-8.260833740234375,-16.153472900390625,-9.028,-9.16,0.27827,-9.12307,-1.56328,0.91263,-7.55759,0.1019
ASAP-0013407,-8.928068161010742,-13.294471740722656,-9.204,-9.307,0.23119,-9.92288,-1.2893,0.96728,-6.95453,0.11509
ASAP-0013413,-8.091096878051758,-12.998979568481444,-9.79,-9.898,0.27305,-9.88581,-1.59126,0.9116,-7.03099,0.10751
ASAP-0010752,-6.713249206542969,-14.777898788452148,-9.817,-9.933,0.26088,-10.21498,-1.51275,0.95532,-7.24352,0.13879
ASAP-0000526,-9.797111511230469,-14.427253723144531,-10.14,-10.018,0.15239,-10.55559,-1.93444,0.96283,-7.7953,0.06114
ASAP-0011138,-8.032425880432129,-13.195648193359377,-9.485,-9.801,0.27966,-10.39125,-1.8004,0.96515,-7.68758,0.23826
ASAP-0011129,-4.542144298553467,-11.485124588012695,-9.53,-9.49,0.19105,-10.06523,-0.506,0.95665,-7.04101,0.12249
ASAP-0013301,-7.473034858703613,-13.054937362670898,-9.87,-10.106,0.66201,-9.8799,-2.08982,0.82837,-7.44936,0.08496
ASAP-0014925,-3.8104214668273926,-16.181047439575195,-9.9,-9.9,0.46179,-10.00991,-2.96545,0.85095,-7.75821,0.20479
ASAP-0013397,-8.888500213623047,-12.75236701965332,-9.224,-9.313,0.42893,-9.73702,-1.85551,0.88038,-7.10583,0.10136
ASAP-0013266,-9.050979614257812,-12.44963550567627,-9.903,-9.951,0.21606,-10.04872,-1.02004,0.91879,-7.7043,0.15454
ASAP-0013716,-0.2615346908569336,-11.24538230895996,-8.43,-8.722,0.4184,-8.8436,-1.80987,0.94238,-7.63255,0.0767
ASAP-0013264,-6.8302202224731445,-13.016950607299805,-9.515,-9.757,0.33802,-9.61951,-1.83483,0.94409,-7.42424,0.11278
ASAP-0011513,-6.742712020874023,-13.591522216796877,-9.55,-9.754,0.40843,-10.32455,-1.70454,0.95918,-7.20706,0.16741
ASAP-0014951,-7.807718276977539,-12.71586799621582,-8.831,-9.294,0.53936,-9.44566,-2.15788,0.95603,-7.68081,0.11929
ASAP-0013720,-7.47668981552124,-12.051794052124023,-9.369,-9.731,0.57639,-10.14178,-1.4303,0.93414,-7.26971,0.09718
ASAP-0008314,-5.575589656829834,-8.659753799438477,-8.128,-8.47,0.34434,-9.05634,-0.46163,0.97036,-6.51135,0.17361
ASAP-0011031,-6.386329650878906,-13.393400192260742,-9.361,-9.38,0.46493,-9.87672,-1.14084,0.97857,-7.55609,0.33339
ASAP-0011127,-8.128671646118164,-13.125739097595217,-9.11,-9.295,0.30642,-10.01304,-1.64143,0.94694,-7.09157,0.1447
ASAP-0013722,-8.700172424316406,-12.83066749572754,-9.658,-9.92,0.25932,-10.05376,-1.846,0.9088,-7.07301,0.13716
ASAP-0014886,-8.522551536560059,-12.751710891723633,-9.282,-9.443,0.35123,-9.83875,-2.24527,0.93916,-7.72655,0.25389
ASAP-0014882,-6.7148942947387695,-16.96224021911621,-7.888,-9.965,0.69573,-9.81349,-1.78647,0.88104,-7.27582,0.09834
ASAP-0013300,-7.988059043884277,-12.279476165771484,-9.541,-9.6,0.37155,-10.1698,-2.11833,0.88115,-7.50713,0.13891
ASAP-0013414,-8.722000122070312,-13.64941692352295,-9.987,-10.062,0.4067,-10.72992,-0.95714,0.96138,-7.15972,0.08228
ASAP-0014966,-4.3896026611328125,-11.978385925292969,-9.387,-9.694,0.86807,-10.48253,-2.25257,0.96929,-7.72688,0.44968
ASAP-0014973,-1.9327397346496584,-12.832250595092772,-8.829,-8.901,0.85831,-9.41744,-1.77084,0.91902,-7.65995,0.1029
ASAP-0013404,2.714954376220703,-14.527560234069824,-9.732,-9.981,0.67756,-10.25451,-1.57579,0.89177,-7.30897,0.24912
ASAP-0013739,2.1598618030548096,-14.73427963256836,-9.961,-9.972,0.91819,-9.97418,-1.74982,0.97217,-7.55092,0.16807
ASAP-0013268,-2.7791614532470703,-7.294388771057129,-9.255,-9.352,0.42248,-9.35846,-1.89062,0.90259,-7.31715,0.09107
ASAP-0013894,0.0,-13.204364776611328,-9.305,-9.441,0.54047,-9.90137,-2.20117,0.96657,-7.65698,0.18208
ASAP-0000733,0.0,-14.305171966552734,-10.312,-10.369,0.2526,-10.43689,-1.45862,0.96573,-7.03948,0.10326
ASAP-0013272,0.0,-14.76950454711914,-10.38,-10.521,0.27685,-10.63575,-1.59458,0.9398,-7.17921,0.08329
ASAP-0013412,0.0,-12.722631454467772,-10.084,-10.073,0.27335,-10.20215,-1.07814,0.89395,-6.92958,0.09084
ASAP-0013273,0.0,-11.479878425598145,-9.943,-10.008,0.35949,-10.10066,-1.73126,0.8707,-6.96399,0.04565
ASAP-0000542,0.0,-12.479988098144531,-9.666,-9.882,0.4767,-10.07508,-1.66991,0.93983,-7.15114,0.05457
ASAP-0013893,0.0,-13.014981269836426,-9.65,-9.744,0.30316,-9.88737,-1.97442,0.86475,-7.25978,0.42112
ASAP-0011052,0.0,-12.930973052978516,-9.503,-9.657,0.31395,-9.81513,-1.5965,0.95393,-7.08223,0.11086
ASAP-0013891,0.0,-15.517168998718262,-9.799,-10.241,0.30543,-10.23294,-1.84738,0.97234,-7.73542,0.06215
ASAP-0013715,0.0,-12.409100532531738,-7.429,-7.509,0.82105,-7.87886,-1.37596,0.88873,-6.7588,0.02204
ASAP-0011124,0.0,-14.070133209228516,-9.919,-9.879,0.34913,-9.97034,-1.52458,0.9374,-7.22446,0.14729
ASAP-0000447,0.0,-8.365351676940918,-7.801,-7.838,0.12058,-7.92344,-0.23154,0.91911,-5.84984,0.08662
ASAP-0013890,0.0,-14.575390815734863,-9.383,-9.799,0.51351,-10.24753,-1.01346,0.96077,-7.69674,0.0744
ASAP-0013898,0.0,-11.94759464263916,-9.272,-9.508,0.67648,-9.82879,-0.91921,0.8798,-7.27377,0.15993
ASAP-0013265,0.0,-13.53582763671875,-10.018,-10.415,0.38918,-10.54261,-2.01316,0.96788,-7.7104,0.10008
ASAP-0014887,0.0,-15.944317817687988,-10.634,-10.814,0.54221,-10.96949,-2.1049,0.90371,-7.84132,0.15379
ASAP-0013925,0.0,-13.785981178283691,-10.075,-10.608,0.9459,-10.9701,-1.72391,0.98227,-7.89828,0.14787
ASAP-0013305,0.0,-12.456819534301758,-9.666,-9.744,0.48133,-10.00105,-1.61019,0.85902,-7.05497,0.02739
ASAP-0013423,0.0,-11.821245193481444,-9.859,-10.097,0.5139,-10.2938,-1.56776,0.85753,-7.1902,0.17394
ASAP-0013832,0.0,-15.637874603271484,-9.832,-9.898,0.30514,-10.0504,-1.98125,0.98081,-7.51119,0.18218
ASAP-0014931,0.0,-16.099937438964844,-10.486,-10.495,0.24718,-10.60813,-1.57448,0.91246,-7.66881,0.11757
ASAP-0000541,0.0,-11.61623477935791,-9.182,-9.34,0.51331,-9.47933,-1.51378,0.88072,-6.61269,0.03071
ASAP-0011059,0.0,-11.77000904083252,-9.051,-9.179,0.45697,-9.41862,-1.95962,0.92026,-7.05444,0.07982
ASAP-0013814,0.0,-13.4802885055542,-9.655,-9.851,0.37403,-9.99645,-2.15483,0.96061,-7.8524,0.10613
ASAP-0014936,0.0,-16.383474349975586,-9.503,-9.68,0.36659,-9.99538,-1.34952,0.93737,-7.2345,0.11746
ASAP-0014938,0.0,-16.04300880432129,-9.628,-9.589,0.35801,-9.6821,-1.2205,0.93367,-7.13615,0.14643
ASAP-0013721,0.0,-10.723929405212402,-9.545,-9.647,0.57801,-9.82296,-1.52012,0.84435,-7.07653,0.03197
ASAP-0014551,0.0,-10.722471237182615,-8.727,-9.107,0.60477,-9.55021,-1.30394,0.8562,-7.1767,0.12266
ASAP-0000372,0.0,-13.333416938781738,-8.752,-8.886,0.45502,-9.20472,-1.41674,0.92908,-7.37943,0.11214
ASAP-0011038,0.0,-13.55746841430664,-9.423,-9.556,0.4112,-9.90766,-0.74329,0.79369,-6.68823,0.16208
ASAP-0000156,0.0,-9.179862022399902,-8.805,-8.831,0.86492,-9.01443,-2.9754,0.82935,-7.03056,0.11718
ASAP-0000437,0.0,-12.08095645904541,-9.235,-9.3,0.43693,-9.62874,-0.60832,0.87455,-6.51892,0.29029
ASAP-0008475,0.0,-9.2288179397583,-6.95,-7.673,0.8693,-8.31143,-1.35971,0.31439,-6.55798,0.18092
ASAP-0028893,0.0,-15.246078491210938,-9.84,-9.839,0.31059,-10.08932,-1.854,0.94997,-7.71683,0.11794
ASAP-0021170,0.0,-12.018774032592772,-9.128,-9.251,0.28132,-9.40343,-1.34823,0.9272,-7.39419,0.09559
ASAP-0008631,0.0,-11.013944625854492,-7.098,-7.288,0.3373,-7.69581,-0.56611,0.91061,-6.33671,0.04708
ASAP-0000375,0.0,-11.629759788513184,-8.301,-8.585,0.98882,-8.92431,-1.73316,0.88287,-7.71741,0.27815
ASAP-0017653,0.0,-11.516401290893556,-9.309,-9.54,0.38841,-9.63908,-2.24484,0.94897,-7.76716,0.14874
ASAP-0021629,0.0,-11.037190437316896,-9.152,-9.299,0.36596,-9.58729,-1.77424,0.91341,-7.36297,0.07991
ASAP-0013279,0.0,-7.44814395904541,-6.404,-6.813,0.48155,-7.2187,-0.46641,0.76882,-5.52051,0.17189
ASAP-0008675,0.0,-7.78960657119751,-5.951,-6.171,1.71815,-7.11242,-0.80931,0.82498,-6.40258,0.10339
ASAP-0012339,0.0,-13.72967529296875,-9.34,-9.303,0.36765,-9.48228,-1.24694,0.96594,-7.00478,0.17395
ASAP-0008420,0.0,-11.990518569946287,-9.427,-9.657,0.58417,-9.83817,-0.80275,0.87586,-7.42266,0.1228
ASAP-0027797,0.0,-14.56808376312256,-9.56,-9.776,0.38545,-9.94787,-2.29983,0.94913,-7.7593,0.07708
ASAP-0029340,0.0,-12.121075630187988,-9.581,-9.638,0.25264,-9.7308,-1.63164,0.91807,-7.52166,0.25117
ASAP-0028813,0.0,-8.34045124053955,-8.675,-8.895,0.76546,-9.38985,-2.14994,0.73675,-7.44852,0.16762
ASAP-0015677,0.0,-12.158623695373535,-9.482,-9.532,0.30864,-9.72604,-1.7949,0.95352,-7.31148,0.08249
ASAP-0014582,0.0,-10.79987907409668,-8.331,-8.65,1.24092,-9.04916,-3.05842,0.60707,-7.25987,0.33071
ASAP-0027809,0.0,-13.429244995117188,-9.622,-9.751,0.33288,-9.88391,-1.07883,0.93704,-7.65124,0.05392
ASAP-0008359,0.0,-15.016084671020508,-8.058,-8.419,0.39723,-8.98978,-0.80226,0.92632,-6.58508,0.01931
ASAP-0010714,0.0,-9.781564712524414,-8.072,-8.201,0.2649,-8.2876,-1.37095,0.90872,-6.70706,0.06482
ASAP-0028920,0.0,-11.632523536682127,-9.27,-9.581,0.2804,-9.7019,-2.34196,0.77354,-7.55106,0.13934
ASAP-0029492,0.0,-9.725241661071776,-9.044,-9.686,0.68535,-9.7469,-2.61217,0.82347,-7.5548,0.34016
ASAP-0011532,0.0,-12.951677322387695,-9.467,-9.575,0.52419,-9.95766,-1.72164,0.92967,-7.43684,0.19697
ASAP-0022465,0.0,-13.128778457641602,-9.591,-9.699,0.54193,-9.93245,-1.82661,0.93924,-7.70993,0.07366
ASAP-0027733,0.0,-11.876925468444824,-9.37,-9.724,0.35691,-9.89066,-1.9798,0.91548,-7.59115,0.22019
ASAP-0027990,0.0,-12.098058700561523,-9.615,-9.911,0.3482,-9.99985,-1.92308,0.85758,-7.47245,0.23263
ASAP-0027820,0.0,-11.390448570251465,-9.49,-9.84,0.35363,-9.9622,-1.94119,0.90993,-7.83582,0.20084
ASAP-0015508,0.0,-12.057960510253906,-9.569,-9.595,0.32548,-9.80259,-1.8499,0.95078,-7.35753,0.0742
ASAP-0014791,0.0,-10.895078659057615,-8.8,-9.127,0.38156,-9.22757,-1.34778,0.84736,-7.41287,0.4457
ASAP-0027791,0.0,-14.536502838134766,-9.876,-10.109,0.38524,-10.26385,-1.44811,0.95488,-7.9018,0.08958
ASAP-0017451,0.0,-14.315252304077148,-8.736,-8.806,0.3389,-9.05225,-2.07534,0.98003,-7.56887,0.14974
ASAP-0011368,0.0,-11.830074310302734,-9.052,-9.318,0.71018,-9.77627,-1.81345,0.92443,-7.37629,0.07574
ASAP-0008409,0.0,-12.27093505859375,-7.561,-7.716,0.37656,-8.52425,-1.04153,0.68511,-6.26964,0.03355
ASAP-0011137,0.0,-13.71452522277832,-9.58,-9.656,0.33273,-9.85264,-1.6754,0.90841,-7.4351,0.11015
ASAP-0012337,0.0,-13.271923065185549,-9.118,-9.169,0.22948,-9.32906,-1.05282,0.9696,-7.02767,0.08614
ASAP-0014776,0.0,-11.635336875915527,-9.501,-9.828,0.66869,-10.15075,-1.43002,0.91313,-7.15254,0.10173
ASAP-0029469,0.0,-13.437871932983398,-9.675,-9.765,0.64398,-10.29918,-2.0194,0.86826,-7.72335,0.12784
ASAP-0016504,0.0,-11.094670295715332,-9.154,-9.137,0.42648,-9.79025,-1.88234,0.76847,-7.07909,0.1423
ASAP-0008492,0.0,-12.21645450592041,-9.061,-9.416,0.57515,-9.3994,-1.10497,0.62813,-7.29407,0.16603
ASAP-0000651,0.0,-10.396401405334473,-8.851,-9.106,0.6086,-9.06588,-1.42876,0.76097,-7.05811,0.0962
ASAP-0028021,0.0,-12.257756233215332,-9.303,-9.377,0.36617,-9.56483,-2.25995,0.86278,-7.59669,0.10387
ASAP-0014608,0.0,-11.561565399169922,-9.46,-9.668,0.61987,-9.91347,-1.66471,0.813,-7.40324,0.15332
ASAP-0008392,0.0,-11.463966369628906,-7.642,-7.895,0.39233,-8.41615,-0.50029,0.91571,-6.19442,0.05776
ASAP-0016505,0.0,-11.41393756866455,-9.066,-9.133,0.41131,-9.70462,-2.02977,0.77227,-7.06935,0.1048
ASAP-0022459,0.0,-15.16868782043457,-8.781,-8.944,0.46371,-10.02226,-0.71426,0.92773,-7.61541,0.04946
ASAP-0028809,0.0,-14.692734718322754,-9.213,-9.229,0.24229,-9.31366,-1.27129,0.95505,-7.57831,0.04696
ASAP-0011347,0.0,-12.996883392333984,-9.563,-9.503,0.45685,-9.67392,-1.89983,0.87352,-7.14757,0.089
ASAP-0028946,0.0,-13.075982093811035,-9.455,-9.562,0.32472,-9.75037,-1.55101,0.92082,-7.75997,0.07918
ASAP-0023351,0.0,-14.379144668579102,-10.258,-10.274,0.32929,-10.6825,-2.02497,0.83523,-7.38945,0.08937
ASAP-0008442,0.0,-9.24815559387207,-8.197,-8.359,0.47749,-8.53077,-0.82029,0.52958,-6.04724,0.05601
ASAP-0017664,0.0,-12.109052658081056,-10.084,-10.395,0.31612,-10.45721,-2.31924,0.86486,-7.935,0.12844
ASAP-0016106,0.0,-12.722870826721191,-9.783,-9.962,0.47603,-10.10335,-1.78154,0.97135,-7.4859,0.09116
ASAP-0016540,0.0,-12.657011985778809,-9.532,-9.904,0.45342,-10.0352,-2.05274,0.81526,-7.65529,0.13533
ASAP-0017450,0.0,-11.513547897338867,-8.811,-9.037,0.26867,-9.16532,-1.45897,0.80971,-7.2589,0.1448
ASAP-0016508,0.0,-12.387018203735352,-9.445,-9.566,0.44132,-10.12998,-1.50626,0.927,-6.84333,0.07457
ASAP-0015114,0.0,-11.349878311157228,-9.352,-9.728,0.68293,-9.78681,-2.36128,0.79042,-7.5395,0.21964
ASAP-0008609,0.0,-14.555036544799805,-7.604,-7.812,0.36681,-8.36735,-0.95593,0.91252,-6.51215,0.068
ASAP-0029104,0.0,-12.23948860168457,-9.292,-9.439,0.80081,-9.97849,-2.49111,0.79803,-7.7274,0.11904
ASAP-0017238,0.0,-12.151939392089844,-9.122,-9.338,0.39474,-9.54598,-2.49681,0.81184,-7.63386,0.13197
ASAP-0011343,0.0,-11.533620834350586,-9.133,-9.249,0.53964,-9.44816,-1.65705,0.93231,-7.04409,0.09605
ASAP-0014753,0.0,-10.132572174072266,-9.193,-9.506,0.79113,-9.91579,-1.28774,0.87636,-7.07173,0.09297
ASAP-0011133,0.0,-13.11794090270996,-9.618,-9.68,0.33338,-9.83045,-1.37182,0.96785,-7.48828,0.06804
ASAP-0000734,0.0,-11.7277193069458,-9.404,-9.375,0.16724,-9.52395,-1.53786,0.89585,-6.75119,0.08158
ASAP-0015648,0.0,-13.956849098205566,-9.362,-9.408,0.33639,-9.58709,-2.02839,0.98161,-7.78258,0.09603
ASAP-0000523,0.0,-10.117258071899414,-8.174,-8.777,0.56724,-9.28005,-0.78742,0.92405,-6.72774,0.30454
ASAP-0021240,0.0,-12.91862678527832,-9.326,-9.43,0.43082,-9.73407,-1.79587,0.92664,-7.69719,0.09436
ASAP-0008639,0.0,-9.520731925964355,-7.956,-8.225,0.62922,-8.77014,-0.91887,0.92347,-6.62203,0.09525
ASAP-0027999,0.0,-13.549983024597168,-9.35,-9.399,0.64354,-9.88519,-2.18135,0.90541,-7.53864,0.10919
ASAP-0028932,0.0,-10.367512702941896,-9.031,-9.318,0.53454,-9.73379,-1.55666,0.93801,-7.76505,0.0704
ASAP-0000373,0.0,-12.764095306396484,-8.822,-8.948,0.83062,-9.38881,-1.75768,0.77755,-7.59784,0.18102
ASAP-0011141,0.0,-13.116846084594728,-9.215,-9.369,0.31461,-9.38285,-2.07328,0.93188,-7.29958,0.16432
ASAP-0011485,0.0,-9.973285675048828,-9.402,-9.567,0.57075,-9.8398,-1.44628,0.89641,-7.11111,0.0607
ASAP-0008411,0.0,-12.884547233581545,-10.32,-10.364,0.20535,-10.5388,-0.42178,0.98012,-6.83783,0.04065
ASAP-0027690,0.0,-11.82245922088623,-9.526,-9.827,0.3515,-9.88286,-1.87872,0.85025,-7.54233,0.05445
ASAP-0008405,0.0,-14.049152374267578,-8.446,-8.704,0.20507,-9.19453,-1.45969,0.97696,-7.01975,0.01395
ASAP-0028906,0.0,-11.49332332611084,-9.175,-9.264,0.32288,-9.2993,-2.24954,0.73012,-7.4008,0.16341
ASAP-0028907,0.0,-12.07026195526123,-9.35,-9.374,0.4057,-9.49734,-2.35547,0.76809,-7.54818,0.1025
ASAP-0016545,0.0,-12.48146915435791,-9.13,-9.185,0.468,-9.34901,-2.41797,0.86712,-7.7264,0.14461
ASAP-0015910,0.0,-12.014402389526367,-9.33,-9.823,0.36499,-9.9717,-2.07708,0.81267,-7.59461,0.11572
ASAP-0017386,0.0,-13.709603309631348,-9.445,-9.602,0.39138,-9.68312,-1.41631,0.9583,-7.13066,0.16718
ASAP-0008408,0.0,-12.25073528289795,-7.36,-7.494,0.53091,-8.02771,-1.49269,0.92261,-6.61494,0.02968
ASAP-0011041,0.0,-15.359594345092772,-8.537,-8.678,0.47668,-9.85556,-0.26844,0.97913,-7.7381,0.01714
ASAP-0013892,0.0,-12.380568504333496,-9.456,-9.776,0.47946,-9.97036,-1.67276,0.91402,-7.77728,0.20077
ASAP-0010753,0.0,-8.270709991455078,-6.862,-7.38,0.50186,-7.89061,-1.118,0.65002,-6.18224,0.17564
ASAP-0000226,0.0,-9.685513496398926,-8.474,-8.942,1.22187,-9.32559,-1.88252,0.24188,-6.53271,0.63507
ASAP-0017448,0.0,-13.9165678024292,-9.399,-9.688,0.37208,-9.83932,-1.83162,0.89917,-7.55649,0.11127
ASAP-0015294,0.0,-14.364434242248535,-9.156,-9.493,0.4721,-9.54095,-1.89222,0.89821,-7.67677,0.10543
ASAP-0008606,0.0,-14.398968696594238,-7.094,-7.204,0.61076,-7.67697,-1.13882,0.90597,-6.5368,0.04398
ASAP-0029386,0.0,-11.567977905273438,-9.772,-9.809,0.48452,-10.04784,-2.3845,0.70842,-7.24351,0.22736
ASAP-0027844,0.0,-13.554723739624023,-9.374,-9.492,0.43923,-9.87153,-1.4157,0.91291,-7.55764,0.05009
ASAP-0028944,0.0,-11.91480827331543,-8.911,-9.415,0.51514,-9.60907,-2.29054,0.89639,-7.69768,0.08293
ASAP-0017445,0.0,-12.33297348022461,-9.346,-9.437,0.37619,-9.68216,-2.04139,0.86954,-7.61056,0.08331
ASAP-0021226,0.0,-9.734124183654783,-9.287,-9.879,0.59099,-10.18684,-2.30133,0.89595,-7.86638,0.16006
ASAP-0011430,0.0,-13.700193405151367,-9.443,-9.451,0.32915,-9.68543,-1.5985,0.96756,-7.4455,0.08771
ASAP-0008669,0.0,-11.16650390625,-8.084,-8.532,0.39573,-8.82602,-1.12396,0.96376,-6.68841,0.08224
ASAP-0000173,0.0,-16.020263671875,-8.585,-8.734,0.44234,-9.3645,-1.47322,0.98228,-7.56766,0.03343
ASAP-0015227,0.0,-13.958451271057127,-9.584,-9.58,0.54212,-9.87326,-1.7788,0.92901,-7.80648,0.16603
ASAP-0028950,0.0,-12.932252883911133,-9.583,-9.681,0.27657,-9.82395,-2.06596,0.85323,-7.76508,0.15534
ASAP-0014959,0.0,-13.266380310058594,-9.399,-9.63,0.44717,-9.99718,-1.58795,0.92841,-7.49183,0.11045
ASAP-0027871,0.0,-11.91254997253418,-9.251,-9.403,0.46186,-9.63032,-2.10979,0.94205,-7.57439,0.09977
ASAP-0015105,0.0,-10.600732803344728,-9.123,-9.136,1.07333,-9.97391,-2.11069,0.92481,-7.76881,0.28568
ASAP-0027678,0.0,-11.699015617370604,-8.872,-8.998,0.42833,-9.34031,-2.33708,0.78403,-7.53665,0.13455
ASAP-0008629,0.0,-13.123802185058594,-6.089,-6.089,0.62058,-9.12772,-0.71786,0.94839,-6.65232,0.02509
ASAP-0014553,0.0,-13.09739589691162,-9.833,-10.166,0.44649,-10.31766,-1.31557,0.90955,-7.20501,0.0805
ASAP-0017328,0.0,-12.34383487701416,-9.213,-9.259,0.3917,-9.38349,-2.28859,0.96334,-7.91268,0.05454
ASAP-0000492,0.0,-5.816662311553955,-4.622,-5.016,0.40924,-5.08394,-0.51098,0.77391,-5.19064,0.19068
ASAP-0011202,0.0,-13.545658111572266,-7.939,-8.037,0.73333,-8.90346,-0.93426,0.97522,-7.33029,0.06906
ASAP-0015099,0.0,-14.174545288085938,-9.463,-9.716,0.48689,-9.90739,-2.01547,0.94462,-7.97477,0.06474
ASAP-0014764,0.0,-14.548416137695312,-10.297,-10.31,0.30148,-10.51126,-1.39146,0.97367,-7.20926,0.11292
ASAP-0017740,0.0,-11.19473648071289,-9.715,-9.881,0.337,-9.98473,-2.21787,0.73599,-7.59363,0.18139
ASAP-0016547,0.0,-15.833120346069336,-9.013,-9.051,0.25162,-9.93529,-1.20044,0.9734,-7.79194,0.01929
ASAP-0027985,0.0,-14.940898895263672,-9.584,-9.738,0.30564,-9.78929,-1.83198,0.9547,-7.75508,0.06012
ASAP-0008681,0.0,-9.391090393066406,-8.093,-8.173,0.35354,-8.29593,-1.24832,0.46151,-6.21406,0.04788
ASAP-0028899,0.0,-4.855213165283203,-5.275,-5.744,1.00405,-6.09002,-1.12255,0.13351,-5.4134,0.07346
ASAP-0008374,0.0,-15.456062316894531,-8.389,-8.639,0.18999,-9.07371,-1.02549,0.96489,-6.76203,0.03316
ASAP-0015669,0.0,-13.208852767944336,-9.886,-9.944,0.2558,-10.09173,-1.6059,0.95589,-7.45511,0.04486
ASAP-0015389,0.0,-14.435688018798828,-9.221,-9.435,0.43495,-9.62716,-2.02878,0.85985,-7.54923,0.10604
ASAP-0017449,0.0,-13.49540901184082,-8.598,-8.682,0.5855,-8.88218,-1.43793,0.95202,-7.58855,0.08426
ASAP-0000220,0.0,-9.853238105773926,-7.308,-7.566,0.62252,-7.78454,-2.1244,0.61154,-6.78726,0.20839
ASAP-0014970,0.0,-12.65410614013672,-8.997,-9.237,0.5584,-9.39545,-2.11218,0.91789,-7.68324,0.10154
ASAP-0028826,0.0,-13.194258689880373,-9.127,-9.284,0.46659,-9.6725,-1.62858,0.93774,-7.24242,0.10874
ASAP-0029416,0.0,-11.471505165100098,-9.295,-9.479,0.75362,-9.95874,-2.2807,0.72827,-7.4797,0.28955
ASAP-0008373,0.0,-12.701410293579102,-7.277,-7.146,0.26651,-7.74382,0.1349,0.92416,-6.59709,0.04234
ASAP-0016823,0.0,-10.410158157348633,-9.348,-9.54,0.58941,-9.90023,-2.59797,0.82884,-7.88922,0.15756
ASAP-0011139,0.0,-13.866496086120604,-9.527,-9.597,0.37926,-9.90572,-1.74953,0.96351,-7.42606,0.07003
ASAP-0008588,0.0,-14.246013641357422,-7.887,-7.948,0.24369,-8.41457,-0.70873,0.95387,-6.68376,0.05089
ASAP-0008364,0.0,-14.710809707641602,-10.792,-11.158,0.28309,-11.20516,-0.51136,0.96029,-7.0844,0.0423
ASAP-0011200,0.0,-14.446715354919434,-7.933,-7.951,0.67481,-8.85367,-0.92298,0.96534,-7.40543,0.06785
ASAP-0008258,0.0,-12.582317352294922,-9.303,-9.709,0.60454,-9.9296,-1.15466,0.78754,-7.66405,0.36967
ASAP-0027681,0.0,-14.316645622253418,-9.745,-9.972,0.37562,-10.16462,-1.84549,0.93848,-7.76352,0.11965
ASAP-0029028,0.0,-11.508710861206056,-9.338,-9.421,0.39145,-9.65011,-2.42038,0.88366,-7.72871,0.09454
ASAP-0028814,0.0,-12.28127384185791,-8.795,-9.185,0.34506,-9.30937,-1.40282,0.91416,-7.82298,0.07506
ASAP-0027677,0.0,-12.857465744018556,-9.248,-9.542,0.37053,-9.63996,-1.9051,0.90868,-7.598,0.22465
ASAP-0000775,0.0,-12.45289134979248,-9.426,-9.565,0.60744,-9.95334,-0.99493,0.96378,-7.57713,0.11935
ASAP-0016097,0.0,-12.347301483154297,-9.366,-9.473,0.36837,-9.97268,-1.9291,0.90534,-7.27191,0.06825
ASAP-0016592,0.0,-10.597859382629396,-8.823,-9.2,0.53676,-9.62674,-0.71497,0.93229,-6.85638,0.14112
ASAP-0012333,0.0,-12.156411170959473,-9.603,-9.818,0.49589,-9.93097,-1.84034,0.96151,-7.20353,0.07878
ASAP-0016546,0.0,-13.066426277160645,-8.767,-8.839,0.37207,-8.97094,-1.57206,0.97968,-7.64341,0.0177
ASAP-0011528,0.0,-10.9308443069458,-9.341,-9.544,0.51647,-9.70064,-1.83573,0.92295,-6.99488,0.08108
ASAP-0016101,0.0,-12.454734802246094,-8.988,-9.052,0.36988,-9.60057,-1.46157,0.89209,-7.07885,0.05433
ASAP-0027937,0.0,-11.633054733276367,-9.513,-9.675,0.35052,-9.86808,-2.00933,0.86899,-7.70461,0.17596
ASAP-0027860,0.0,-12.036415100097656,-9.264,-9.429,0.4487,-9.51474,-1.36623,0.85665,-7.55758,0.0478
ASAP-0022922,0.0,-7.53579044342041,,,0.42703,-8.08069,-0.45811,0.53056,-5.85216,0.02313
ASAP-0014544,0.0,-11.685724258422852,-10.143,-10.189,0.29393,-10.35058,-1.88807,0.87001,-7.83789,0.21791
ASAP-0027567,0.0,-12.202497482299805,-9.322,-9.628,0.48875,-9.82466,-2.22944,0.84612,-7.76701,0.13215
ASAP-0011529,0.0,-12.129592895507812,-9.336,-9.412,0.65255,-9.86912,-2.43835,0.93081,-7.49012,0.0947
ASAP-0027691,0.0,-14.136191368103027,-9.451,-9.528,0.55748,-9.86362,-1.40625,0.94586,-7.81322,0.09702
ASAP-0000801,0.0,-11.834890365600586,-9.423,-9.443,0.46665,-9.67917,-1.56137,0.8906,-6.75671,0.1004
ASAP-0008642,0.0,-12.724038124084473,-7.839,-8.044,0.77636,-8.54589,-0.88461,0.95222,-7.2613,0.04433
ASAP-0015301,0.0,-12.463459968566896,-9.131,-9.302,0.31931,-9.53938,-1.98438,0.88369,-7.37672,0.06583
ASAP-0027683,0.0,-12.606001853942873,-9.445,-9.636,0.33766,-9.70241,-1.89913,0.80231,-7.49905,0.10268
ASAP-0015229,0.0,-11.749837875366213,-8.849,-9.245,0.61316,-9.45343,-2.25489,0.85978,-7.61174,0.05343
ASAP-0027783,0.0,-14.815370559692385,-9.819,-10.056,0.37895,-10.2448,-2.24871,0.9296,-7.74764,0.12816
ASAP-0008452,0.0,-12.30552101135254,-9.653,-9.967,0.55104,-10.06098,-1.86458,0.9179,-7.14835,0.09647
ASAP-0027802,0.0,-10.92458724975586,-9.164,-9.398,0.49426,-9.52012,-2.15532,0.78081,-7.60992,0.1004
ASAP-0008667,0.0,-8.93832778930664,-8.466,-8.597,0.42216,-8.80919,-1.53507,0.91,-6.87753,0.07503
ASAP-0015679,0.0,-12.473260879516602,-9.715,-9.788,0.39078,-9.96182,-1.79065,0.95861,-7.40431,0.07712
ASAP-0000175,0.0,-16.514942169189453,-9.274,-9.311,0.41347,-9.87855,-0.99235,0.96987,-7.60188,0.06693
ASAP-0027755,0.0,-11.604764938354492,-9.376,-9.748,0.33148,-10.10567,-2.36581,0.94509,-7.7065,0.10353
ASAP-0022466,0.0,-11.594354629516602,-9.333,-9.585,0.41057,-10.09756,-1.00872,0.92321,-7.23345,0.09656
ASAP-0027974,0.0,-13.289365768432615,-9.201,-9.151,0.2501,-9.34361,-1.62114,0.88683,-7.65749,0.10798
ASAP-0014745,0.0,-14.764888763427734,-10.379,-10.359,0.43265,-10.56992,-1.16218,0.95978,-7.17422,0.08756
ASAP-0016110,0.0,-13.030265808105469,-9.898,-9.945,0.2729,-10.07975,-1.5837,0.97057,-7.42499,0.06606
ASAP-0028945,0.0,-12.713647842407228,-9.6,-9.673,0.42136,-9.83962,-2.14437,0.86999,-7.75725,0.10043
ASAP-0016845,0.0,-12.226125717163086,-8.705,-9.033,0.61872,-9.29289,-2.14864,0.84569,-7.64761,0.15039
ASAP-0027562,0.0,-13.133410453796388,-9.405,-9.549,0.35423,-9.70014,-1.96501,0.91391,-7.7765,0.0805
ASAP-0028868,0.0,-12.967018127441406,-8.974,-9.032,0.18594,-9.11233,-1.58244,0.88122,-7.46836,0.05676
ASAP-0011445,0.0,-12.51098918914795,-9.443,-9.507,0.28671,-9.61508,-1.36239,0.94739,-7.18042,0.08589
ASAP-0014632,0.0,-13.789388656616213,-9.72,-9.698,0.47393,-10.08151,-1.071,0.97153,-7.63343,0.06449
ASAP-0028917,0.0,-9.997886657714844,-9.091,-9.721,0.3108,-9.89205,-1.63605,0.96316,-7.72883,0.0871
ASAP-0014646,0.0,-13.941455841064451,-9.36,-9.495,0.34755,-9.83137,-2.22734,0.90156,-7.6459,0.13852
ASAP-0027686,0.0,-15.51211643218994,-9.904,-10.139,0.36948,-10.20532,-1.96151,0.94791,-7.68536,0.12562
ASAP-0017058,0.0,-10.478919982910156,-9.173,-9.493,1.24187,-9.9162,-2.06512,0.64483,-7.18077,0.42842
ASAP-0000217,0.0,-9.878107070922852,-8.3,-8.344,0.51085,-8.50872,-1.05657,0.41785,-6.34963,0.21137
ASAP-0028010,0.0,-12.429561614990234,-9.298,-9.299,0.35619,-9.56323,-1.6146,0.92264,-7.57198,0.03936
ASAP-0016438,0.0,-4.764588832855225,-5.829,-6.295,0.77209,-6.72677,-0.33484,0.36587,-5.20445,0.0455
ASAP-0015235,0.0,-13.42371940612793,-9.072,-9.178,0.29949,-9.36949,-1.1677,0.9701,-7.14052,0.13117
ASAP-0010742,0.0,-10.02390193939209,-7.999,-8.151,0.49059,-8.50614,-1.38068,0.94351,-6.78863,0.12116
ASAP-0008634,0.0,-16.633373260498047,-8.722,-8.801,0.24928,-9.36498,-0.51135,0.97147,-7.21283,0.05195
ASAP-0028936,0.0,-10.863113403320312,-9.085,-9.297,0.4533,-9.30122,-2.48812,0.7815,-7.58184,0.13557
ASAP-0023368,0.0,-12.917099952697754,-9.613,-9.867,0.31123,-10.16476,-2.26823,0.90008,-7.46425,0.05824
ASAP-0008393,0.0,-15.17895221710205,-8.401,-8.608,0.33339,-9.23587,-0.72259,0.97571,-6.69954,0.01601
ASAP-0015657,0.0,-12.734153747558594,-9.772,-9.793,0.33378,-10.07851,-1.55383,0.96459,-7.48666,0.04833
ASAP-0027939,0.0,-12.04349422454834,-9.283,-9.283,0.27317,-9.78507,-2.13229,0.9204,-7.67628,0.1636
ASAP-0023449,0.0,-11.289874076843262,-9.165,-9.195,0.45035,-9.9637,-1.65472,0.86988,-7.13222,0.11279
ASAP-0011130,0.0,-9.37088108062744,-7.189,-7.594,0.55692,-8.2186,-1.34352,0.4787,-5.93924,0.3812
ASAP-0016376,0.0,-10.873998641967772,-9.228,-9.251,0.43866,-9.85003,-1.74367,0.80774,-7.09393,0.11518
ASAP-0014762,0.0,-11.250703811645508,-9.608,-9.789,0.44216,-9.8871,-1.68401,0.83062,-7.01543,0.15005
ASAP-0020960,0.0,-14.780820846557615,-9.152,-9.353,0.26513,-9.4261,-1.78649,0.96026,-7.76334,0.04266
ASAP-0015239,0.0,-11.001751899719238,-9.157,-9.223,0.60924,-9.62752,-1.4197,0.93182,-7.69153,0.18072
ASAP-0014612,0.0,-11.703607559204102,-9.071,-9.139,0.27618,-9.21777,-1.74005,0.94521,-7.83424,0.20115
ASAP-0015646,0.0,-11.253403663635254,-8.786,-8.999,0.45541,-9.29244,-2.38078,0.89373,-7.75363,0.07751
ASAP-0023193,0.0,-13.31098461151123,-9.778,-9.817,0.25721,-10.25311,-2.18205,0.87637,-7.36827,0.07892
ASAP-0015102,0.0,-13.414088249206545,-8.172,-8.954,0.54064,-9.40098,-2.60678,0.90889,-7.78401,0.25106
ASAP-0000774,0.0,-10.117733001708984,-9.124,-9.372,0.52343,-9.40639,-1.36163,0.83074,-7.25573,0.13275
ASAP-0027818,0.0,-13.284542083740234,-9.348,-9.528,0.35883,-9.73073,-1.87802,0.91425,-7.65023,0.10006
ASAP-0011049,0.0,-12.52126121520996,-9.142,-9.37,0.66367,-9.67587,-1.8376,0.78197,-7.27037,0.20535
ASAP-0008627,0.0,-13.823617935180664,-7.581,-7.695,0.3278,-8.11017,-0.42323,0.94624,-6.48841,0.06088
ASAP-0028951,0.0,-10.6587553024292,-9.156,-9.201,0.34785,-9.34557,-2.83904,0.66425,-7.57499,0.14998
ASAP-0010757,0.0,-13.866937637329102,-9.998,-10.009,0.23258,-10.08164,-1.02862,0.77325,-6.51301,0.03437
ASAP-0015376,0.0,-12.450533866882324,-9.548,-9.509,0.58458,-9.99765,-1.19185,0.97217,-7.57023,0.06029
ASAP-0028931,0.0,-10.912662506103516,-9.277,-9.299,0.52683,-9.6514,-2.33598,0.8292,-7.61081,0.06734
ASAP-0008285,0.0,-5.825492858886719,-5.191,-5.986,0.84359,-6.37108,-0.77828,0.13956,-5.89785,0.2428
ASAP-0000773,0.0,-12.658205032348633,-9.045,-9.087,0.39002,-9.02624,-1.14337,0.92503,-7.0043,0.09756
ASAP-0027675,0.0,-14.186955451965332,-9.519,-9.582,0.26264,-9.74447,-1.49105,0.94032,-7.7718,0.06997
ASAP-0015663,0.0,-11.777538299560549,-9.525,-9.567,0.3613,-9.79965,-1.69109,0.95266,-7.38523,0.07867
ASAP-0028008,0.0,-13.137632369995115,-9.486,-9.485,0.31932,-9.92304,-1.55765,0.9364,-7.40595,0.06563
ASAP-0015090,0.0,-11.656360626220703,-9.048,-9.268,0.41781,-9.53212,-2.15335,0.84236,-7.30182,0.11378
ASAP-0014638,0.0,-13.457193374633787,-9.371,-9.414,0.91612,-10.022,-1.92179,0.96361,-7.83694,0.08521
ASAP-0023469,0.0,-11.030521392822266,-9.256,-9.556,0.48136,-10.04685,-2.39742,0.86607,-7.32139,0.05595
ASAP-0016377,0.0,-10.376497268676758,-10.104,-10.312,0.70607,-10.41676,-2.26027,0.76879,-7.81767,0.11922
ASAP-0011359,0.0,-12.71923828125,-9.851,-10.073,0.44599,-10.22268,-0.93425,0.95857,-7.20979,0.12394
ASAP-0029484,0.0,-9.162846565246582,-9.221,-9.407,0.64358,-9.61191,-2.87552,0.70768,-7.48444,0.33659
ASAP-0027819,0.0,-11.43899917602539,-9.451,-9.654,0.38814,-9.82187,-2.24443,0.80092,-7.66009,0.12454
ASAP-0021223,0.0,-13.311426162719728,-9.267,-9.309,0.36773,-9.5666,-1.35796,0.91458,-7.62419,0.06136
ASAP-0011044,0.0,-16.484907150268555,-8.705,-8.338,0.67397,-8.88768,-1.32664,0.9008,-7.47958,0.09498
ASAP-0015108,0.0,-10.855971336364746,-9.09,-9.694,0.87566,-9.8538,-2.11965,0.82608,-7.46149,0.17005
ASAP-0020888,0.0,-12.399444580078123,-8.801,-8.956,0.72975,-9.32541,-2.47534,0.88409,-7.68381,0.12506
ASAP-0016544,0.0,-14.778406143188477,-9.341,-9.529,0.43098,-9.59832,-1.79615,0.91323,-7.78205,0.121
ASAP-0027765,0.0,-14.41622829437256,-9.727,-9.898,0.38679,-10.11714,-1.79374,0.94265,-7.71912,0.06759
ASAP-0015385,0.0,-11.999622344970703,-9.429,-9.557,0.928,-10.04331,-1.49601,0.95243,-7.36818,0.06331
ASAP-0028948,0.0,-12.177154541015623,-9.243,-9.331,0.37482,-9.54666,-2.1038,0.8151,-7.61333,0.1444
ASAP-0029037,0.0,-14.634925842285156,-8.644,-8.806,0.28994,-9.78005,-0.9746,0.90506,-7.64668,0.05748
ASAP-0010711,0.0,-8.772814750671387,-7.081,-7.455,0.88793,-7.64305,-0.97414,0.59633,-6.38527,0.0215
ASAP-0014717,0.0,-12.960759162902832,-9.9,-9.938,0.33976,-10.03467,-1.51652,0.97135,-7.50414,0.06978
ASAP-0027737,0.0,-12.83973789215088,-9.239,-9.389,0.4631,-9.56077,-2.5269,0.8082,-7.47118,0.10499
ASAP-0015096,0.0,-12.921342849731444,-9.005,-9.253,0.58878,-9.49925,-2.10561,0.95341,-7.72064,0.1057
ASAP-0011140,0.0,-13.587268829345703,-9.708,-9.687,0.35772,-9.66257,-1.65451,0.95246,-7.30902,0.10886
ASAP-0013889,0.0,-14.814691543579102,-9.617,-9.67,0.27042,-9.86669,-0.81698,0.96927,-7.39854,0.13343
ASAP-0015656,0.0,-12.431949615478516,-9.763,-9.832,0.65144,-10.22205,-1.60815,0.95197,-7.48329,0.03173
ASAP-0027945,0.0,-12.940140724182127,-9.498,-9.73,0.46218,-9.88715,-1.83383,0.90198,-7.76491,0.14152
ASAP-0010738,0.0,-14.397197723388672,-10.443,-10.524,0.49107,-10.6026,-1.84478,0.74772,-7.61835,0.32677
ASAP-0017057,0.0,-11.59925937652588,-9.449,-9.641,0.46734,-9.8743,-2.70376,0.69108,-7.56543,0.16584
ASAP-0014769,0.0,-12.338922500610352,-9.672,-9.956,0.50651,-10.13605,-1.31746,0.89713,-7.14602,0.09433
ASAP-0028825,0.0,-14.240185737609863,-9.4,-9.41,0.32259,-9.57684,-1.58663,0.94518,-7.62289,0.04006
ASAP-0011040,0.0,-17.243070602416992,-9.484,-9.515,0.1942,-10.50731,-1.0249,0.98445,-7.63149,0.01701
ASAP-0022997,0.0,-13.063769340515137,-9.712,-9.699,0.40566,-9.84372,-2.27072,0.94505,-7.64708,0.32241
ASAP-0010724,0.0,-6.356195449829102,-6.817,-6.906,0.54284,-7.30183,-0.71672,0.15945,-6.1287,0.04901
ASAP-0008605,0.0,-11.34031867980957,-6.538,-6.84,0.78152,-7.41995,-1.02106,0.8926,-6.33691,0.05167
ASAP-0015521,0.0,-13.225018501281738,-8.861,-8.964,0.6062,-9.16111,-2.16571,0.93983,-7.64016,0.15945
ASAP-0028949,0.0,-11.058048248291016,-9.642,-9.807,0.39665,-9.87697,-1.86665,0.82474,-7.51544,0.12964
ASAP-0015517,0.0,-11.962493896484377,-9.052,-9.432,0.46971,-9.69744,-1.99673,0.90322,-7.44256,0.07324
ASAP-0008636,0.0,-14.695347785949709,-8.175,-8.237,0.30074,-8.68328,-0.98002,0.9743,-6.97885,0.02404
ASAP-0000272,0.0,-12.998245239257812,-9.784,-9.926,0.494,-10.18388,-1.51723,0.96247,-7.01785,0.12129
ASAP-0027877,0.0,-11.532953262329102,-9.088,-9.428,0.51437,-9.59428,-2.24453,0.7918,-7.53291,0.15933
ASAP-0017056,0.0,-10.89601993560791,-8.883,-9.149,0.33916,-9.1916,-2.30959,0.78611,-7.56429,0.13996
ASAP-0000212,0.0,-9.27638339996338,-8.094,-8.374,0.66867,-8.48435,-2.14563,0.12612,-6.23832,0.39695
ASAP-0014773,0.0,-11.943528175354004,-9.689,-9.738,0.37855,-9.94426,-1.77114,0.91509,-7.14277,0.09099
ASAP-0029478,0.0,-9.430957794189451,-8.966,-9.431,0.20496,-9.56493,-2.02687,0.87596,-7.78897,0.14038
ASAP-0016506,0.0,-12.968555450439451,-9.327,-9.533,0.352,-9.67177,-2.26861,0.84984,-7.52466,0.11364
ASAP-0014212,0.0,-11.216120719909668,-9.785,-9.864,0.39183,-10.08239,-0.44651,0.96308,-7.13435,0.0623
ASAP-0027795,0.0,-12.290231704711914,-9.421,-9.455,0.21796,-9.5276,-1.97949,0.77027,-7.46287,0.08181
ASAP-0023359,0.0,-9.698075294494627,-8.679,-8.978,0.71546,-9.62386,-2.22527,0.89681,-7.44029,0.03917
ASAP-0027679,0.0,-12.122880935668944,-9.317,-9.619,0.48053,-9.78616,-2.23498,0.80223,-7.63009,0.13478
ASAP-0027821,0.0,-12.502653121948242,-9.457,-9.579,0.40146,-9.73808,-2.36431,0.8705,-7.5902,0.10761
ASAP-0011067,0.0,-9.812548637390137,-9.013,-9.099,0.48507,-9.28055,-0.55496,0.67412,-5.86961,0.15657
ASAP-0015306,0.0,-13.734735488891602,-9.481,-9.583,0.51496,-9.58407,-0.43034,0.81304,-7.57548,0.18305
ASAP-0027689,0.0,-12.177279472351074,-9.245,-9.601,0.34122,-9.77418,-1.69996,0.93439,-7.64765,0.03331
ASAP-0014800,0.0,-12.588106155395508,-9.303,-9.612,0.5034,-9.67658,-1.94102,0.75376,-7.28058,0.22888
ASAP-0013274,0.0,-10.286188125610352,-9.269,-9.565,0.6149,-9.73901,-1.39952,0.88408,-7.11718,0.07953
ASAP-0028886,0.0,-11.522720336914062,-9.091,-9.384,0.41504,-9.54835,-1.95071,0.85817,-7.6038,0.0787
ASAP-0015380,0.0,-12.308403968811035,-8.667,-9.012,0.54277,-9.35974,-0.78591,0.96209,-7.16528,0.03263
ASAP-0027774,0.0,-12.830604553222656,-9.506,-9.68,0.52608,-10.04956,-1.74139,0.91584,-7.69344,0.0788
ASAP-0016819,0.0,-11.189703941345217,-9.826,-9.867,0.40793,-10.00341,-2.86068,0.673,-7.68701,0.1171
ASAP-0020885,0.0,-12.063895225524902,-9.149,-9.36,0.46065,-9.50572,-2.49754,0.96199,-7.8648,0.07643
ASAP-0027773,0.0,-15.615169525146484,-9.773,-10.017,0.35386,-10.20751,-1.59163,0.95454,-7.69674,0.08429
ASAP-0014948,0.0,-11.669755935668944,-9.215,-9.322,0.37783,-9.44534,-1.57947,0.94787,-7.36069,0.12699
ASAP-0015660,0.0,-12.769827842712402,-9.44,-9.557,0.45784,-9.76058,-1.60504,0.96931,-7.37278,0.12554
ASAP-0015900,0.0,-11.819387435913086,-10.066,-10.113,0.36042,-10.37,-1.40138,0.95969,-7.20239,0.05969
ASAP-0013249,0.0,-16.507503509521484,-9.147,-9.31,0.23816,-10.12764,-1.17816,0.97038,-7.71803,0.02372
ASAP-0016593,0.0,-13.491912841796877,-9.018,-9.162,0.47595,-9.32998,-1.89173,0.89792,-7.4754,0.07797
ASAP-0015904,0.0,-12.256473541259766,-9.127,-9.399,0.7355,-9.56234,-1.69189,0.72757,-7.24129,0.15964
ASAP-0027591,0.0,-11.911346435546877,-9.525,-9.659,0.26982,-9.75469,-2.24485,0.81631,-7.40107,0.15399
ASAP-0027848,0.0,-11.156207084655762,-9.088,-9.401,0.54404,-9.46825,-2.25284,0.74139,-7.41053,0.17977
ASAP-0016539,0.0,-10.62265396118164,-9.073,-9.468,0.68869,-9.65574,-2.43534,0.66801,-7.37345,0.2344
ASAP-0010725,0.0,-9.890494346618652,-8.764,-8.96,0.91666,-9.33192,-2.46899,0.92837,-7.35123,0.07468
ASAP-0010722,0.0,-13.63286018371582,-10.178,-10.183,0.2847,-10.37186,-1.4191,0.97822,-7.36135,0.02456
ASAP-0011043,0.0,-17.072769165039062,-8.713,-8.978,0.37813,-9.6532,-0.58712,0.98318,-7.78107,0.03213
ASAP-0016507,0.0,-9.268187522888184,-9.054,-9.344,0.67536,-9.8615,-2.3859,0.84996,-7.3811,0.20245
ASAP-0023195,0.0,-11.625558853149414,-9.05,-9.267,0.64867,-9.44154,-1.63335,0.82517,-7.15705,0.11527
ASAP-0011034,0.0,-12.585962295532228,-9.423,-9.446,0.32289,-9.90823,-1.27931,0.88868,-7.01676,0.08879
ASAP-0015666,0.0,-10.983264923095703,-9.48,-9.546,0.36349,-9.71596,-1.62507,0.95524,-7.3974,0.04288
ASAP-0028909,0.0,-13.478572845458984,-9.693,-9.768,0.28354,-10.00677,-1.95536,0.9322,-7.759,0.07597
ASAP-0029121,0.0,-12.91434097290039,-9.496,-9.725,0.47858,-9.88879,-2.42019,0.94684,-7.89794,0.07336
ASAP-0015232,0.0,-13.74168586730957,-9.101,-9.449,0.52509,-9.51012,-2.32014,0.90556,-7.74213,0.05653
ASAP-0000654,0.0,-14.09837532043457,-9.99,-10.117,0.37674,-10.29293,-1.89965,0.9627,-7.59656,0.14347
ASAP-0010740,0.0,-9.1123046875,-7.613,-8.016,0.76841,-8.43922,-0.87339,0.87965,-6.77674,0.14677
ASAP-0017656,0.0,-11.931222915649414,-9.144,-9.256,0.36199,-9.46066,-2.39729,0.78143,-7.52395,0.14461
ASAP-0013735,0.0,-12.50229835510254,-9.853,-9.975,0.73436,-10.3915,-1.24987,0.93634,-7.28705,0.06472
ASAP-0014770,0.0,-10.048056602478027,-9.279,-9.555,0.81641,-9.91971,-1.29766,0.89116,-7.09678,0.0811
ASAP-0015110,0.0,-12.24863052368164,-9.369,-9.475,0.26268,-9.75467,-1.7525,0.87719,-7.35097,0.13843
ASAP-0017239,0.0,-11.730052947998049,-9.267,-9.504,0.3348,-9.73278,-1.97428,0.87786,-7.68894,0.12125
ASAP-0014943,0.0,-11.02647590637207,-8.439,-8.963,0.41858,-9.30978,-1.37702,0.86746,-7.275,0.18009
ASAP-0023457,0.0,-11.982080459594728,-9.621,-9.697,0.41599,-9.85119,-2.52321,0.83399,-7.77925,0.1058
ASAP-0014613,0.0,-11.585660934448242,-9.464,-9.751,0.52325,-9.89926,-1.78778,0.9372,-7.19175,0.06759
ASAP-0027801,0.0,-9.801679611206056,-8.668,-9.056,0.44531,-9.35779,-2.2879,0.92798,-7.57056,0.06111
ASAP-0014758,0.0,-10.273642539978027,-9.304,-9.531,0.62986,-9.93379,-1.49985,0.78067,-6.94613,0.07524
ASAP-0027688,0.0,-11.787631034851074,-9.131,-9.455,0.36511,-9.64352,-1.28414,0.91519,-7.60856,0.08481
ASAP-0017339,0.0,-13.222871780395508,-10.1,-10.308,0.2723,-10.36937,-2.04844,0.9123,-7.86599,0.07979
ASAP-0016983,0.0,-12.66710090637207,-9.312,-9.509,0.41414,-9.74975,-2.09624,0.93789,-7.71667,0.05749
ASAP-0028860,0.0,-12.327672004699709,-9.31,-9.471,0.54849,-9.69698,-1.79231,0.91952,-7.63034,0.1103
ASAP-0000652,0.0,-13.686744689941406,-9.503,-9.631,0.28089,-9.80067,-1.20392,0.9335,-7.20767,0.11186
ASAP-0027685,0.0,-13.240076065063477,-9.548,-9.724,0.25292,-9.84089,-1.86008,0.90228,-7.80592,0.1407
ASAP-0023511,0.0,-10.20148754119873,-8.644,-9.033,0.6467,-9.60476,-2.57059,0.88039,-7.39153,0.046
ASAP-0016375,0.0,-14.274413108825684,-10.18,-10.241,0.41323,-10.40339,-2.1188,0.90912,-7.87419,0.15728
ASAP-0017446,0.0,-13.82156753540039,-9.8,-9.889,0.40696,-10.20023,-2.27851,0.92835,-7.72643,0.08799
ASAP-0016503,0.0,-12.94147491455078,-9.443,-9.878,0.53498,-10.05923,-1.63385,0.92693,-7.75987,0.08004
ASAP-0015906,0.0,-10.975266456604004,-9.201,-9.548,0.90628,-9.90556,-2.34686,0.58416,-7.21005,0.34193
ASAP-0017370,0.0,-14.262579917907717,-9.377,-9.617,0.45399,-9.8213,-1.6593,0.91643,-7.38757,0.10334
ASAP-0014955,0.0,-12.32449722290039,-9.4,-9.547,0.49026,-9.73296,-1.87377,0.88322,-7.56431,0.09324
ASAP-0013307,0.0,-12.792594909667969,-10.313,-10.641,0.39352,-10.77627,-0.73741,0.98575,-7.78262,0.06258
ASAP-0027938,0.0,-12.827980041503906,-9.131,-9.402,0.7486,-9.70653,-1.78956,0.87457,-7.48135,0.11297
ASAP-0021176,0.0,-11.91934585571289,-8.698,-9.022,0.57064,-9.18181,-2.13548,0.90261,-7.81481,0.09265
ASAP-0029370,0.0,-11.06098461151123,-9.813,-10.254,0.37826,-10.41907,-1.87466,0.93205,-7.63267,0.17543
ASAP-0027831,0.0,-13.063088417053224,-9.318,-9.493,0.51666,-9.69395,-2.26711,0.87285,-7.71702,0.13258
ASAP-0015085,0.0,-13.146245002746582,-9.288,-9.516,0.63541,-9.68604,-1.81931,0.93602,-7.81113,0.06748
ASAP-0015916,0.0,-12.62690258026123,-9.28,-9.656,0.52304,-9.84858,-1.99392,0.64536,-7.18488,0.29098
ASAP-0028028,0.0,-10.433038711547852,-8.878,-9.34,0.37793,-9.58224,-2.12694,0.90804,-7.48249,0.09113
ASAP-0027687,0.0,-14.06419563293457,-9.586,-9.721,0.48824,-10.02368,-1.70884,0.94094,-7.67104,0.08239
ASAP-0020966,0.0,-12.733013153076172,-9.021,-9.038,0.83946,-9.45939,-1.99609,0.9211,-7.76279,0.10982
ASAP-0017727,0.0,-8.56656551361084,-9.196,-9.721,0.75645,-10.24754,-2.32202,0.78382,-7.77043,0.14619
ASAP-0016591,0.0,-11.474580764770508,-9.017,-9.3,0.36645,-9.71733,-1.94494,0.95401,-7.36828,0.09258
ASAP-0029298,0.0,-9.393035888671877,-8.832,-9.317,0.63174,-9.47141,-2.44048,0.84125,-7.5231,0.21665
ASAP-0015078,0.0,-14.249042510986328,-9.862,-9.87,0.36819,-10.17107,-1.29811,0.96904,-7.32734,0.12013
ASAP-0015512,0.0,-11.961499214172363,-9.594,-9.645,0.34626,-9.75371,-1.47176,0.9581,-7.43919,0.08291
ASAP-0017647,0.0,-11.498018264770508,-9.227,-9.789,0.43349,-10.1123,-2.23131,0.95312,-8.01868,0.17921
ASAP-0015514,0.0,-8.286809921264648,-8.646,-9.062,0.55497,-9.42729,-1.19222,0.93927,-7.27087,0.08258
ASAP-0015092,0.0,-12.585363388061523,-9.748,-9.669,0.36846,-9.89786,-1.6963,0.95458,-7.46406,0.03013
ASAP-0015672,0.0,-14.162232398986816,-9.842,-9.923,0.44984,-10.27149,-1.52328,0.97155,-7.47386,0.05628
ASAP-0016902,0.0,-14.481252670288086,-9.414,-9.443,0.29259,-9.67,-1.64985,0.98009,-7.68208,0.08584
ASAP-0020981,0.0,-11.587130546569824,-8.611,-8.792,0.73282,-9.13941,-2.34541,0.94382,-7.81729,0.03357
ASAP-0008493,0.0,-12.384003639221191,-8.599,-8.772,0.71242,-9.26594,-1.56651,0.80726,-7.30342,0.2328
ASAP-0008599,0.0,-14.914119720458984,-7.948,-8.119,0.26496,-8.5754,-0.89777,0.9382,-6.85842,0.11435
ASAP-0015225,0.0,-11.16843605041504,-7.698,-8.362,0.78059,-8.77648,-2.13225,0.94186,-7.71256,0.01786
ASAP-0014794,0.0,-10.616833686828612,-9.276,-9.645,0.49672,-9.8558,-1.64719,0.91107,-7.13638,0.09782
ASAP-0012335,0.0,-12.348837852478027,-9.295,-9.701,0.50917,-9.9617,-1.97675,0.94775,-7.53196,0.08837
ASAP-0015773,0.0,-14.219684600830078,-8.642,-8.653,0.40318,-8.95103,-2.00032,0.98534,-7.80271,0.07362
ASAP-0029024,0.0,-9.75367546081543,-9.16,-9.564,0.6734,-9.89238,-2.5914,0.7837,-7.60269,0.25661
ASAP-0015913,0.0,-10.049678802490234,-9.537,-9.794,0.45862,-9.92858,-2.25663,0.86124,-7.69934,0.12048
ASAP-0014750,0.0,-11.673724174499512,-9.698,-9.875,0.46014,-9.88223,-1.77179,0.86639,-7.10557,0.15438
ASAP-0013298,0.0,-12.211498260498049,-9.411,-9.562,0.53854,-9.72189,-1.10684,0.83573,-7.50107,0.10895
ASAP-0015223,0.0,-10.801907539367676,-9.565,-9.634,0.46214,-10.00358,-1.15806,0.89245,-7.72099,0.14661
ASAP-0012331,0.0,-13.837713241577148,-9.471,-9.5,0.39284,-9.59547,-1.26991,0.97039,-7.15749,0.11591
ASAP-0029422,0.0,-11.69704818725586,-9.492,-9.555,0.27671,-9.71074,-2.33072,0.83706,-7.64226,0.05126
ASAP-0016510,0.0,-11.47213363647461,-9.305,-9.321,0.51645,-9.52138,-2.41149,0.76958,-7.49808,0.53163
ASAP-0014789,0.0,-12.936189651489258,-9.71,-9.903,0.41684,-10.02972,-1.61638,0.96177,-7.36047,0.12672
ASAP-0015297,0.0,-12.570959091186523,-8.526,-8.723,0.71547,-9.54866,-1.74295,0.93498,-7.85276,0.19357
ASAP-0017428,0.0,-15.43790054321289,-8.585,-8.989,0.5342,-10.06687,-1.12245,0.68737,-7.37944,0.19498
