lig-ID,prot-ID,blast-descriptor,docking-score-POSIT,Vina-score-premin,CNNaffinity,ByInteractionTypeAndResidueType
A,YP_009725295_1,SARS-CoV-2,-9.441400527954102,-9.701,7.3203,0.7142857142857143
A,YP_009047217_1,MERS-CoV,-8.529048919677734,-8.724,7.177,0.7142857142857143
A,YP_009944365_1,SARS-CoV-1,-5.95517635345459,-8.217,7.1076,0.4285714285714285
A,YP_008439216_1,CDPHE15,-7.63883638381958,-9.201,7.1772,0.4285714285714285
A,YP_009944273_1,HKU1,-8.904864311218262,-9.607,7.1271,0.5714285714285714
A,YP_010037559_1,HKU33,-7.304409503936768,-8.952,6.9753,0.4285714285714285
A,YP_010229075_1,NL63,-6.314735412597656,-8.204,6.9352,0.4285714285714285
A,YP_009555250_1,OC43,-9.040119171142578,-9.707,7.1121,0.5714285714285714
A,YP_009924387_1,HKU9,-9.79544734954834,-9.727,6.9563,0.5714285714285714
A,YP_001718611_1,HKU8,-9.805177688598633,-9.515,7.2419,0.5714285714285714
A,YP_010037473_1,CHB25,-9.521121978759766,-9.367,7.1951,0.4285714285714285
A,NP_835346_1,229E,-7.54857063293457,-8.76,7.0058,0.5714285714285714
A,YP_009336483_1,Lucheng,-8.523515701293945,-9.007,7.2204,0.4285714285714285
A,YP_009513020_1,HKU15,-3.140802383422852,-7.48,6.6314,0.4285714285714285
A,YP_005352862_1,HKU19,-3.0003116130828857,-6.906,6.3742,0.5714285714285714
A,YP_002308478_1,HKU11,-3.26431655883789,-6.803,6.4609,0.7142857142857143
B,NP_835346_1,229E,-8.497161865234375,-8.54,6.694,0.6666666666666666
B,YP_010037559_1,HKU33,-8.565850257873535,-8.739,6.6529,0.6666666666666666
B,YP_009944365_1,SARS-CoV-1,-9.161907196044922,-8.805,6.8338,0.6666666666666666
B,YP_010037473_1,CHB25,-8.348953247070312,-8.845,6.6266,0.6666666666666666
B,YP_010229075_1,NL63,-8.87758731842041,-9.008,6.6306,0.8333333333333334
B,YP_009555250_1,OC43,-10.008696556091309,-9.101,6.9858,0.6666666666666666
B,YP_009944273_1,HKU1,-10.111040115356444,-5.53,6.6492,0.6666666666666666
B,YP_009047217_1,MERS-CoV,-7.595321178436279,-8.038,6.5115,0.6666666666666666
B,YP_009725295_1,SARS-CoV-2,-8.158951759338379,-8.877,6.7886,0.6666666666666666
B,YP_009924387_1,HKU9,-10.335915565490724,-9.626,6.8292,0.6666666666666666
B,YP_001718611_1,HKU8,-11.498224258422852,-9.98,7.0835,0.8333333333333334
B,YP_009513020_1,HKU15,-2.696618795394897,-6.659,6.1775,0.5
B,YP_009336483_1,Lucheng,-7.02269458770752,-8.26,6.4772,0.8333333333333334
B,YP_002308478_1,HKU11,-2.430440664291382,-7.667,6.1732,0.5
B,YP_005352862_1,HKU19,-9.171382904052734,-8.007,6.1627,0.6666666666666666
C,NP_835346_1,229E,-8.336155891418457,-8.589,7.3242,0.5
C,YP_009047217_1,MERS-CoV,-8.278624534606934,-8.516,7.3888,0.5
C,YP_009924387_1,HKU9,-10.138328552246094,-9.156,7.2562,0.5
C,YP_010037559_1,HKU33,-8.489727973937988,-7.519,7.3543,0.3333333333333333
C,YP_009555250_1,OC43,-9.72182846069336,-8.629,7.4259,0.3333333333333333
C,YP_010037473_1,CHB25,-10.302142143249512,-8.891,7.2365,0.1666666666666666
C,YP_009725295_1,SARS-CoV-2,-8.761388778686523,-8.867,7.4546,0.6666666666666666
C,YP_010229075_1,NL63,-8.547842025756836,-8.86,6.8778,0.1666666666666666
C,YP_009944365_1,SARS-CoV-1,-9.413291931152344,-8.709,7.1517,0.5
C,YP_008439216_1,CDPHE15,-9.95433521270752,-9.649,7.515,0.3333333333333333
C,YP_001718611_1,HKU8,-11.100083351135254,-9.28,7.4255,0.5
C,YP_009944273_1,HKU1,-7.444340705871582,-8.256,7.3462,0.1666666666666666
C,YP_002308478_1,HKU11,-6.276880741119385,-7.292,6.8618,0.5
C,YP_009336483_1,Lucheng,-7.710540294647217,-8.309,7.2099,0.5
C,YP_009513020_1,HKU15,-0.2743415832519531,-6.861,6.6508,0.3333333333333333
C,YP_005352862_1,HKU19,-5.453826904296875,-6.422,6.6896,0.5
D,YP_010037473_1,CHB25,-6.783427238464356,-7.56,6.0699,0.6666666666666666
D,YP_009555250_1,OC43,-7.25548505783081,-7.414,6.0797,0.3333333333333333
D,YP_001718611_1,HKU8,-7.641297340393066,-8.07,6.2186,0.6666666666666666
D,NP_835346_1,229E,-6.2581400871276855,-7.267,5.6992,0.6666666666666666
D,YP_009944273_1,HKU1,-8.66128921508789,-8.088,6.4275,0.6666666666666666
D,YP_009725295_1,SARS-CoV-2,-8.746213912963867,-8.24,6.2794,1.0
D,YP_010229075_1,NL63,-6.604813575744629,-7.856,5.7553,0.3333333333333333
D,YP_009924387_1,HKU9,-7.716470241546631,-7.673,6.3038,0.6666666666666666
D,YP_009047217_1,MERS-CoV,-7.4822282791137695,-7.863,6.3391,0.6666666666666666
D,YP_009944365_1,SARS-CoV-1,-8.334525108337402,-7.853,6.3455,1.0
D,YP_010037559_1,HKU33,-7.3642120361328125,-7.731,6.0241,1.0
D,YP_009513020_1,HKU15,-3.703668355941773,-6.412,5.6933,0.6666666666666666
D,YP_002308478_1,HKU11,-5.278861999511719,-6.661,5.6353,0.6666666666666666
D,YP_009336483_1,Lucheng,-6.807413101196289,-7.146,6.1447,0.6666666666666666
D,YP_005352862_1,HKU19,1.7849241495132446,-4.513,5.5235,0.3333333333333333
E,YP_009924387_1,HKU9,-9.32944679260254,-8.648,6.8541,0.4
E,YP_009555250_1,OC43,-9.215495109558104,-8.553,6.9626,0.6
E,YP_001718611_1,HKU8,-8.25474739074707,-8.238,6.758,0.6
E,YP_009944273_1,HKU1,-10.567960739135742,-9.148,7.1975,0.4
E,YP_009047217_1,MERS-CoV,-10.446842193603516,-8.963,7.2123,1.0
E,YP_009725295_1,SARS-CoV-2,-6.259300231933594,-7.733,6.8794,0.6
E,NP_835346_1,229E,-9.43103313446045,-8.573,6.8582,0.6
E,YP_008439216_1,CDPHE15,-8.104555130004883,-8.125,6.8211,0.4
E,YP_010037559_1,HKU33,-8.99717903137207,-8.861,6.9962,0.6
E,YP_010037473_1,CHB25,-9.31711483001709,-8.319,6.8764,0.6
E,YP_010229075_1,NL63,-7.413712501525879,-8.097,6.804,0.6
E,YP_009944365_1,SARS-CoV-1,-8.327947616577148,-7.904,6.8663,0.6
E,YP_009336483_1,Lucheng,-8.671839714050293,-7.971,6.7922,0.6
E,YP_002308478_1,HKU11,-3.322583675384521,-6.4,6.3404,0.6
E,YP_005352862_1,HKU19,-2.8888514041900635,-6.262,6.0054,0.4
E,YP_009513020_1,HKU15,-4.295963287353516,-6.911,6.5252,0.2
F,YP_001718611_1,HKU8,-12.041830062866213,-9.301,7.7036,1.0
F,YP_009924387_1,HKU9,-9.69384765625,-9.466,7.497,0.6666666666666666
F,YP_009725295_1,SARS-CoV-2,-9.640084266662598,-9.223,7.5611,0.5
F,NP_835346_1,229E,-9.560585975646973,-8.826,7.4535,0.8333333333333334
F,YP_009944365_1,SARS-CoV-1,-9.138381958007812,-8.563,7.588,0.8333333333333334
F,YP_009944273_1,HKU1,-9.177398681640623,-9.554,7.4527,0.5
F,YP_010037559_1,HKU33,-9.901975631713867,-9.18,7.5883,0.8333333333333334
F,YP_009047217_1,MERS-CoV,-8.866893768310547,-9.049,7.4846,0.3333333333333333
F,YP_010229075_1,NL63,-10.509763717651367,-8.647,7.5775,0.8333333333333334
F,YP_009555250_1,OC43,-8.596227645874023,-9.49,7.5458,0.5
F,YP_010037473_1,CHB25,-8.67550277709961,-8.556,7.4476,0.5
F,YP_008439216_1,CDPHE15,-8.498889923095703,-8.45,7.4565,0.8333333333333334
F,YP_009336483_1,Lucheng,-7.37729024887085,-7.942,7.3803,0.5
F,YP_009513020_1,HKU15,-3.177454948425293,-7.551,6.9826,0.3333333333333333
F,YP_002308478_1,HKU11,-3.943558931350708,-7.435,6.6225,0.1666666666666666
F,YP_005352862_1,HKU19,-8.082910537719727,-8.172,7.2716,0.6666666666666666
G,YP_010037559_1,HKU33,-11.83329963684082,-9.783,6.1734,0.5
G,YP_009047217_1,MERS-CoV,-12.07741355895996,-9.554,6.3969,0.5
G,YP_009944273_1,HKU1,-11.785536766052246,-8.8,6.5131,0.5
G,YP_010037473_1,CHB25,-9.026721954345703,-8.715,6.2901,0.5
G,NP_835346_1,229E,-11.516233444213867,-9.458,6.3147,0.5
G,YP_008439216_1,CDPHE15,-11.398049354553224,-9.445,6.2836,0.6666666666666666
G,YP_009555250_1,OC43,-11.03242015838623,-8.914,6.216,0.5
G,YP_010229075_1,NL63,-12.043156623840332,-9.592,6.4724,0.5
G,YP_009725295_1,SARS-CoV-2,-9.01434326171875,-8.382,6.0941,0.8333333333333334
G,YP_009924387_1,HKU9,-9.217527389526367,-8.538,6.2487,0.5
G,YP_009944365_1,SARS-CoV-1,-8.043391227722168,-8.227,6.0714,0.8333333333333334
G,YP_001718611_1,HKU8,-13.125494003295898,-10.05,6.5443,0.6666666666666666
G,YP_005352862_1,HKU19,-3.495163679122925,-7.085,5.9115,0.3333333333333333
G,YP_009513020_1,HKU15,-4.419404029846191,-7.413,5.6406,0.3333333333333333
G,YP_009336483_1,Lucheng,-6.044703483581543,-7.181,6.0793,0.0
G,YP_002308478_1,HKU11,-6.527072429656982,-5.98,5.8867,0.0
H,NP_835346_1,229E,-7.309942245483398,-8.394,7.0356,0.5555555555555556
H,YP_010037559_1,HKU33,-8.764633178710938,-9.252,7.2511,0.4444444444444444
H,YP_010229075_1,NL63,-7.819628238677978,-9.065,7.2907,0.4444444444444444
H,YP_010037473_1,CHB25,-9.558187484741213,-9.312,7.2485,0.5555555555555556
H,YP_009944365_1,SARS-CoV-1,-9.185680389404297,-8.969,7.3106,0.6666666666666666
H,YP_001718611_1,HKU8,-8.97476577758789,-8.944,7.2204,0.5555555555555556
H,YP_009725295_1,SARS-CoV-2,-8.72253704071045,-8.723,7.4423,0.6666666666666666
H,YP_009047217_1,MERS-CoV,-9.105498313903809,-8.698,7.366,0.4444444444444444
H,YP_009924387_1,HKU9,-7.260583400726318,-8.722,7.166,0.3333333333333333
H,YP_009555250_1,OC43,-7.416009902954102,-8.732,7.1549,0.3333333333333333
H,YP_008439216_1,CDPHE15,-7.91549015045166,-9.395,7.0862,0.4444444444444444
H,YP_009944273_1,HKU1,-8.268231391906738,-8.495,7.4935,0.3333333333333333
H,YP_002308478_1,HKU11,0.2488679885864257,-7.696,6.3991,0.3333333333333333
H,YP_009513020_1,HKU15,-3.5634469985961914,-7.487,6.5689,0.4444444444444444
H,YP_009336483_1,Lucheng,-8.620257377624512,-9.06,7.3325,0.5555555555555556
H,YP_005352862_1,HKU19,-8.621654510498047,-9.145,7.4153,0.5555555555555556
I,YP_009924387_1,HKU9,-9.319450378417969,-9.266,7.2681,0.6
I,YP_001718611_1,HKU8,-11.940523147583008,-9.26,7.813,1.0
I,NP_835346_1,229E,-11.901737213134766,-9.085,7.412,0.8
I,YP_010037559_1,HKU33,-11.54561996459961,-8.509,7.6978,1.0
I,YP_009944365_1,SARS-CoV-1,-9.185317993164062,-8.422,7.5341,1.0
I,YP_009944273_1,HKU1,-7.545123100280762,-8.539,7.5027,0.6
I,YP_009047217_1,MERS-CoV,-10.693278312683104,-8.919,7.7037,0.8
I,YP_010037473_1,CHB25,-8.308846473693848,-7.94,7.2084,0.6
I,YP_009555250_1,OC43,-8.508499145507812,-8.665,7.3978,0.4
I,YP_010229075_1,NL63,-13.13683795928955,-9.362,7.5656,1.0
I,YP_009725295_1,SARS-CoV-2,-11.524728775024414,-8.587,7.8157,1.0
I,YP_002308478_1,HKU11,-5.549182415008545,-6.739,6.5467,0.6
I,YP_009336483_1,Lucheng,-10.460198402404783,-8.037,7.3308,0.8
I,YP_005352862_1,HKU19,-3.1957802772521973,-6.148,6.5441,0.8
I,YP_009513020_1,HKU15,-2.5967659950256348,-6.522,6.5472,0.6
J,YP_010229075_1,NL63,-7.490838050842285,-8.823,7.6199,0.6666666666666666
J,YP_009944365_1,SARS-CoV-1,-6.92816162109375,-8.895,7.9748,1.0
J,YP_009047217_1,MERS-CoV,-7.681381702423096,-8.186,7.9083,0.6666666666666666
J,NP_835346_1,229E,-4.444877624511719,-8.783,7.436,0.5
J,YP_009555250_1,OC43,-7.659473419189453,-8.55,7.8723,0.6666666666666666
J,YP_009725295_1,SARS-CoV-2,-6.313080787658691,-8.967,8.2525,0.8333333333333334
J,YP_009944273_1,HKU1,-7.413923740386963,-8.487,7.9962,0.5
J,YP_009924387_1,HKU9,-7.653462886810303,-9.052,7.9256,0.5
J,YP_001718611_1,HKU8,-9.899718284606934,-9.627,7.8066,0.5
J,YP_010037473_1,CHB25,-8.651461601257324,-8.988,7.7602,0.5
J,YP_010037559_1,HKU33,-5.998105049133301,-8.98,7.8706,0.5
J,YP_009513020_1,HKU15,-0.7093942165374756,-6.122,7.0061,0.5
J,YP_009336483_1,Lucheng,-8.973764419555664,-8.789,7.623,0.6666666666666666
J,YP_002308478_1,HKU11,-4.139791488647461,-6.856,6.7333,0.3333333333333333
K,YP_009725295_1,SARS-CoV-2,-8.522087097167969,-8.187,7.653,0.6666666666666666
K,YP_010037559_1,HKU33,-7.62388801574707,-7.97,7.1858,0.3333333333333333
K,YP_008439216_1,CDPHE15,-6.151947498321533,-7.715,7.3833,0.5
K,NP_835346_1,229E,-6.335233211517334,-7.529,7.084,0.5
K,YP_001718611_1,HKU8,-9.16757106781006,-8.439,7.319,0.5
K,YP_009944365_1,SARS-CoV-1,-7.758250713348389,-8.015,7.6255,0.8333333333333334
K,YP_009555250_1,OC43,-8.505834579467773,-8.47,7.4767,0.5
K,YP_009924387_1,HKU9,-8.44942569732666,-8.336,7.4165,0.3333333333333333
K,YP_009944273_1,HKU1,-8.49440860748291,-8.258,7.3531,0.5
K,YP_010037473_1,CHB25,-9.04530906677246,-8.278,7.3021,0.5
K,YP_009047217_1,MERS-CoV,-6.516784191131592,-7.465,7.406,0.3333333333333333
K,YP_010229075_1,NL63,-5.810643196105957,-7.634,7.0786,0.5
K,YP_005352862_1,HKU19,-3.616400241851807,-6.308,6.932,0.3333333333333333
K,YP_009336483_1,Lucheng,-7.957025527954102,-7.471,7.5125,0.6666666666666666
K,YP_009513020_1,HKU15,-2.33847975730896,-6.11,7.123,0.3333333333333333
K,YP_002308478_1,HKU11,-2.889825344085694,-6.571,6.9198,0.3333333333333333
L,YP_001718611_1,HKU8,-7.754214286804199,-8.199,7.3453,0.6666666666666666
L,YP_010229075_1,NL63,-7.863317489624023,-7.784,7.0204,0.5
L,YP_009944365_1,SARS-CoV-1,-6.519998550415039,-7.3,7.4275,0.8333333333333334
L,YP_010037559_1,HKU33,-5.6278581619262695,-7.698,7.2726,0.3333333333333333
L,YP_010037473_1,CHB25,-5.572007656097412,-7.29,7.1388,0.3333333333333333
L,NP_835346_1,229E,-6.538553237915039,-7.579,7.2679,0.3333333333333333
L,YP_009047217_1,MERS-CoV,-8.957376480102539,-8.238,7.5795,0.6666666666666666
L,YP_009555250_1,OC43,-6.349969863891602,-7.412,7.4157,0.3333333333333333
L,YP_008439216_1,CDPHE15,-8.196549415588379,-8.092,7.462,0.5
L,YP_009944273_1,HKU1,-7.296987533569336,-7.773,7.489,0.5
L,YP_009924387_1,HKU9,-7.234259605407715,-8.09,7.2655,0.6666666666666666
L,YP_009725295_1,SARS-CoV-2,-6.182525634765625,-7.603,7.5871,0.6666666666666666
L,YP_009513020_1,HKU15,0.3502203226089477,-5.455,6.7864,0.3333333333333333
L,YP_002308478_1,HKU11,-6.270703315734863,-7.544,7.043,0.5
L,YP_005352862_1,HKU19,-1.5841078758239746,-5.68,6.6022,0.1666666666666666
L,YP_009336483_1,Lucheng,-7.939544200897217,-8.229,7.4344,0.5
M,YP_009944273_1,HKU1,-9.456954956054688,-9.06,7.0856,0.2857142857142857
M,YP_010037473_1,CHB25,-7.772012710571289,-8.75,7.0671,0.4285714285714285
M,NP_835346_1,229E,-5.627197265625,-7.548,6.9941,0.4285714285714285
M,YP_009047217_1,MERS-CoV,-8.447126388549805,-8.001,7.1809,0.4285714285714285
M,YP_010037559_1,HKU33,-7.277041912078857,-7.896,7.1202,0.4285714285714285
M,YP_009555250_1,OC43,-11.210545539855955,-9.31,7.4708,0.7142857142857143
M,YP_009725295_1,SARS-CoV-2,-10.045015335083008,-9.448,7.7554,0.7142857142857143
M,YP_001718611_1,HKU8,-11.092364311218262,-9.42,7.3783,0.8571428571428571
M,YP_009944365_1,SARS-CoV-1,-11.104312896728516,-9.873,7.667,0.7142857142857143
M,YP_008439216_1,CDPHE15,-6.841321468353272,-8.369,7.1508,0.4285714285714285
M,YP_009924387_1,HKU9,-10.481270790100098,-8.972,7.477,0.4285714285714285
M,YP_002308478_1,HKU11,-4.790271759033203,-7.165,6.8632,0.4285714285714285
M,YP_009513020_1,HKU15,-2.478178024291992,-7.032,7.004,0.4285714285714285
M,YP_005352862_1,HKU19,-3.8516921997070312,-7.332,6.7178,0.2857142857142857
N,YP_009944273_1,HKU1,-7.59981107711792,-8.747,7.4533,0.5
N,YP_009924387_1,HKU9,-6.795677185058594,-8.974,7.3193,0.5
N,YP_010229075_1,NL63,-7.541146755218506,-8.85,7.0903,0.625
N,YP_008439216_1,CDPHE15,-9.354968070983888,-9.668,7.3806,0.625
N,YP_009555250_1,OC43,-7.470963001251221,-8.882,7.3192,0.625
N,YP_010037473_1,CHB25,-9.681349754333496,-9.436,7.2498,0.75
N,YP_001718611_1,HKU8,-8.494481086730957,-9.047,7.2909,0.875
N,YP_009047217_1,MERS-CoV,-8.438385009765625,-8.936,7.3273,0.625
N,YP_009725295_1,SARS-CoV-2,-10.35914134979248,-9.77,7.7777,0.75
N,YP_010037559_1,HKU33,-8.12484359741211,-9.178,7.31,0.875
N,NP_835346_1,229E,-8.391772270202637,-8.595,7.0069,0.625
N,YP_009944365_1,SARS-CoV-1,-8.133301734924316,-8.793,7.324,0.875
N,YP_009336483_1,Lucheng,-10.375664710998535,-8.81,7.289,0.625
N,YP_009513020_1,HKU15,-3.7561192512512207,-7.665,6.9032,0.5
N,YP_005352862_1,HKU19,-5.472261428833008,-8.382,6.9797,0.625
N,YP_002308478_1,HKU11,-0.5241674780845642,-6.968,6.587,0.375
O,YP_009047217_1,MERS-CoV,-8.334699630737305,-8.194,7.1944,0.8
O,YP_001718611_1,HKU8,-7.468163013458252,-8.561,7.0889,0.8
O,YP_010229075_1,NL63,-6.139609336853027,-8.091,6.8844,0.8
O,NP_835346_1,229E,-6.972836494445801,-8.199,6.9527,0.8
O,YP_009725295_1,SARS-CoV-2,-7.957796573638916,-8.391,7.1382,0.8
O,YP_009944273_1,HKU1,-9.38447093963623,-9.213,7.2858,0.6
O,YP_010037559_1,HKU33,-6.485246658325195,-7.908,6.9309,0.6
O,YP_009924387_1,HKU9,-9.50606918334961,-9.107,7.1065,0.8
O,YP_009555250_1,OC43,-7.874005317687988,-8.753,7.0646,0.6
O,YP_009944365_1,SARS-CoV-1,-8.319265365600586,-8.44,7.0791,0.8
O,YP_010037473_1,CHB25,-7.867398262023926,-8.561,7.079,0.6
O,YP_008439216_1,CDPHE15,-6.686300754547119,-8.517,7.0238,0.6
O,YP_005352862_1,HKU19,-0.2455131411552429,-6.785,6.2018,0.4
O,YP_009336483_1,Lucheng,-7.646261692047119,-8.709,6.9122,0.6
O,YP_002308478_1,HKU11,-2.715826988220215,-6.807,6.4909,0.4
O,YP_009513020_1,HKU15,-2.7560811042785645,-7.867,6.5895,0.4
P,YP_010037559_1,HKU33,-10.206555366516112,-9.612,7.5369,1.0
P,YP_009944365_1,SARS-CoV-1,-11.29658317565918,-9.344,7.3799,0.6666666666666666
P,YP_009047217_1,MERS-CoV,-10.823972702026367,-8.604,7.6301,0.8333333333333334
P,YP_009725295_1,SARS-CoV-2,-13.356487274169922,-9.679,7.6608,1.0
P,YP_010037473_1,CHB25,-9.142255783081056,-9.022,7.2746,0.8333333333333334
P,YP_009555250_1,OC43,-9.879927635192873,-8.919,7.3321,0.5
P,YP_008439216_1,CDPHE15,-10.40827465057373,-9.132,7.419,0.8333333333333334
P,YP_009924387_1,HKU9,-10.411666870117188,-8.964,7.4537,0.6666666666666666
P,YP_001718611_1,HKU8,-11.755868911743164,-9.726,7.5705,1.0
P,YP_010229075_1,NL63,-10.342302322387695,-8.399,7.5367,0.5
P,YP_009944273_1,HKU1,-10.34763526916504,-9.088,7.8126,0.5
P,NP_835346_1,229E,-9.389930725097656,-8.728,7.1905,1.0
P,YP_009513020_1,HKU15,-3.792795181274414,-7.549,6.7426,0.5
P,YP_005352862_1,HKU19,-0.3572106063365936,-6.612,6.6636,0.5
P,YP_009336483_1,Lucheng,-9.631511688232422,-8.376,7.2904,0.6666666666666666
P,YP_002308478_1,HKU11,-3.927521944046021,-6.341,6.7799,0.6666666666666666
Q,NP_835346_1,229E,-7.4919657707214355,-8.873,6.7829,0.75
Q,YP_001718611_1,HKU8,-7.258650302886963,-8.629,6.7892,0.75
Q,YP_009944273_1,HKU1,-9.990887641906738,-9.778,7.2492,0.5
Q,YP_009555250_1,OC43,-9.27804946899414,-9.266,7.1751,0.5
Q,YP_009924387_1,HKU9,-8.574524879455566,-9.429,6.9449,0.75
Q,YP_009725295_1,SARS-CoV-2,-8.806017875671387,-9.262,7.0883,0.75
Q,YP_010037473_1,CHB25,-8.467876434326172,-9.187,7.0021,0.5
Q,YP_009944365_1,SARS-CoV-1,-9.902005195617676,-9.307,7.0958,0.75
Q,YP_010229075_1,NL63,-5.669492244720459,-8.291,6.6507,0.75
Q,YP_010037559_1,HKU33,-8.322860717773438,-9.284,7.0163,0.75
Q,YP_009047217_1,MERS-CoV,-8.820259094238281,-9.213,7.1329,0.75
Q,YP_008439216_1,CDPHE15,-6.808765411376953,-8.758,6.9185,0.75
Q,YP_002308478_1,HKU11,-6.606342315673828,-8.226,6.6386,0.75
Q,YP_009513020_1,HKU15,-2.638857841491699,-7.15,6.5538,0.5
Q,YP_009336483_1,Lucheng,-8.385225296020508,-8.728,6.9658,0.5
Q,YP_005352862_1,HKU19,-1.804185390472412,-7.539,6.2857,0.75
R,YP_001718611_1,HKU8,-8.54533576965332,-9.206,7.0793,0.5
R,YP_009047217_1,MERS-CoV,-8.036377906799316,-9.05,7.1658,1.0
R,YP_010229075_1,NL63,-7.400798320770264,-9.01,6.8489,0.5
R,YP_009944365_1,SARS-CoV-1,-8.943022727966309,-9.176,7.1157,0.5
R,YP_009944273_1,HKU1,-7.536379814147949,-8.628,6.8884,0.5
R,YP_010037473_1,CHB25,-8.48471736907959,-9.188,7.0309,0.5
R,YP_009555250_1,OC43,-7.975283622741699,-9.301,6.9894,0.5
R,YP_009725295_1,SARS-CoV-2,-8.365880012512207,-9.044,7.0529,0.5
R,YP_010037559_1,HKU33,-6.555793762207031,-8.5,6.7892,0.5
R,YP_008439216_1,CDPHE15,-7.07153844833374,-8.988,6.888,0.75
R,YP_009924387_1,HKU9,-9.53293228149414,-9.442,7.0424,0.75
R,NP_835346_1,229E,-6.098668098449707,-8.24,6.8232,0.5
R,YP_009336483_1,Lucheng,-8.495243072509766,-9.315,7.0046,0.75
R,YP_005352862_1,HKU19,-2.4380178451538086,-7.007,6.2676,0.5
R,YP_002308478_1,HKU11,-4.982350826263428,-7.809,6.5599,0.5
R,YP_009513020_1,HKU15,-2.809044361114502,-7.519,6.538,0.5
S,YP_008439216_1,CDPHE15,-9.26429843902588,-9.065,7.2048,0.875
S,YP_010037473_1,CHB25,-9.31528091430664,-9.065,7.0714,0.75
S,YP_009944365_1,SARS-CoV-1,-10.135540962219238,-9.757,7.4326,1.0
S,YP_010037559_1,HKU33,-9.61680507659912,-9.254,7.3214,0.5
S,YP_001718611_1,HKU8,-9.16915798187256,-9.575,7.3004,0.625
S,YP_009555250_1,OC43,-9.95974349975586,-9.787,7.5236,0.625
S,NP_835346_1,229E,-7.880844593048096,-8.567,7.0425,0.75
S,YP_009944273_1,HKU1,-8.966163635253906,-9.318,7.4822,0.5
S,YP_009924387_1,HKU9,-9.115057945251465,-9.453,7.3823,0.625
S,YP_009047217_1,MERS-CoV,-8.702275276184082,-8.874,7.347,0.75
S,YP_009725295_1,SARS-CoV-2,-11.038946151733398,-9.739,7.5265,1.0
S,YP_010229075_1,NL63,-9.211493492126465,-8.965,7.1406,0.625
S,YP_005352862_1,HKU19,-3.96520471572876,-6.411,6.4994,0.5
S,YP_002308478_1,HKU11,-2.4650824069976807,-6.65,6.3709,0.375
S,YP_009336483_1,Lucheng,-7.996172428131103,-8.443,7.0557,0.75
S,YP_009513020_1,HKU15,-3.330488920211792,-7.698,6.6686,0.625
T,YP_009047217_1,MERS-CoV,-9.208492279052734,-8.013,7.5204,0.4285714285714285
T,YP_010037559_1,HKU33,-11.62039852142334,-9.222,7.6467,0.5714285714285714
T,YP_001718611_1,HKU8,-8.541603088378906,-7.661,7.2619,0.5714285714285714
T,YP_009725295_1,SARS-CoV-2,-10.331133842468262,-8.245,7.431,0.5714285714285714
T,YP_010229075_1,NL63,-7.594274520874023,-7.923,7.4209,0.7142857142857143
T,YP_009555250_1,OC43,-8.219893455505371,-8.289,7.4575,0.4285714285714285
T,YP_008439216_1,CDPHE15,-8.087443351745605,-8.456,7.2961,0.5714285714285714
T,YP_010037473_1,CHB25,-9.696550369262695,-8.562,7.3917,0.4285714285714285
T,NP_835346_1,229E,-8.94959831237793,-8.052,7.1833,0.4285714285714285
T,YP_009944273_1,HKU1,-7.894317626953125,-7.415,7.6125,0.4285714285714285
T,YP_009924387_1,HKU9,-8.806647300720215,-8.161,7.5077,0.4285714285714285
T,YP_009944365_1,SARS-CoV-1,-9.904184341430664,-8.121,7.3261,0.5714285714285714
T,YP_005352862_1,HKU19,-2.9628612995147705,-6.259,6.6098,0.1428571428571428
T,YP_009513020_1,HKU15,-6.315217971801758,-7.549,7.2733,0.5714285714285714
T,YP_002308478_1,HKU11,-4.258521556854248,-6.452,6.8591,0.4285714285714285
T,YP_009336483_1,Lucheng,-8.810821533203125,-8.362,7.2496,0.4285714285714285
U,NP_835346_1,229E,-7.408127784729004,-8.413,7.128,0.75
U,YP_010229075_1,NL63,-10.018836975097656,-9.165,7.3633,1.0
U,YP_009555250_1,OC43,-9.305073738098145,-9.211,7.4069,0.75
U,YP_009924387_1,HKU9,-9.750174522399902,-9.063,7.4362,0.75
U,YP_009944365_1,SARS-CoV-1,-10.892572402954102,-9.285,7.5854,1.0
U,YP_001718611_1,HKU8,-10.968581199645996,-9.224,7.3266,1.0
U,YP_009944273_1,HKU1,-10.522942543029783,-9.736,7.6784,0.75
U,YP_010037559_1,HKU33,-11.008586883544922,-9.556,7.4489,0.75
U,YP_009725295_1,SARS-CoV-2,-12.038220405578612,-9.94,7.7062,1.0
U,YP_008439216_1,CDPHE15,-10.797162055969238,-9.277,7.3029,0.75
U,YP_010037473_1,CHB25,-9.9113130569458,-9.116,7.1723,0.75
U,YP_009047217_1,MERS-CoV,-10.607149124145508,-9.49,7.4784,0.75
U,YP_009513020_1,HKU15,-3.832041501998901,-7.711,6.9079,0.5
U,YP_005352862_1,HKU19,-3.338509082794189,-6.266,6.5991,0.75
U,YP_009336483_1,Lucheng,-8.943317413330078,-8.723,7.2774,0.75
U,YP_002308478_1,HKU11,-4.655489921569824,-7.331,6.8445,0.5
V,YP_010037559_1,HKU33,-7.1548943519592285,-8.577,6.8934,0.75
V,NP_835346_1,229E,-7.526295661926269,-8.511,6.7263,0.75
V,YP_009047217_1,MERS-CoV,-8.673742294311523,-8.729,7.1514,0.75
V,YP_009924387_1,HKU9,-9.555278778076172,-9.017,6.9866,0.75
V,YP_001718611_1,HKU8,-10.31868839263916,-9.641,7.117,1.0
V,YP_009725295_1,SARS-CoV-2,-10.008779525756836,-9.475,7.0829,0.75
V,YP_009555250_1,OC43,-9.955477714538574,-9.539,6.9957,0.75
V,YP_009944273_1,HKU1,-9.560150146484377,-9.137,6.9306,0.75
V,YP_010037473_1,CHB25,-9.503270149230955,-9.351,7.1635,0.75
V,YP_010229075_1,NL63,-9.098316192626951,-8.935,6.9982,1.0
V,YP_009944365_1,SARS-CoV-1,-9.8858642578125,-9.26,7.1022,1.0
V,YP_008439216_1,CDPHE15,-7.207142353057861,-8.719,6.8757,0.75
V,YP_002308478_1,HKU11,-2.686553955078125,-6.501,6.4127,0.5
V,YP_005352862_1,HKU19,-2.5739893913269043,-6.659,6.3002,1.0
V,YP_009513020_1,HKU15,-5.686265468597412,-8.156,6.8396,0.75
V,YP_009336483_1,Lucheng,-9.14859390258789,-9.179,7.1459,0.75
W,NP_835346_1,229E,-7.186959266662598,-8.87,7.5232,0.875
W,YP_009555250_1,OC43,-9.604636192321776,-9.082,7.7001,0.5
W,YP_010037559_1,HKU33,-8.697030067443848,-8.77,7.6268,0.875
W,YP_010037473_1,CHB25,-9.77605438232422,-9.775,7.491,0.875
W,YP_009944365_1,SARS-CoV-1,-11.616522789001465,-9.384,7.9898,1.0
W,YP_009047217_1,MERS-CoV,-11.495986938476562,-9.414,7.6968,0.875
W,YP_010229075_1,NL63,-11.577943801879885,-9.628,7.5747,0.75
W,YP_008439216_1,CDPHE15,-7.873036384582519,-8.882,7.5878,0.875
W,YP_009944273_1,HKU1,-12.994524955749512,-9.483,8.0489,0.75
W,YP_001718611_1,HKU8,-9.211503982543944,-9.837,7.7372,0.875
W,YP_009924387_1,HKU9,-8.533733367919922,-8.683,7.5426,0.625
W,YP_009725295_1,SARS-CoV-2,-10.525737762451172,-9.474,7.9273,0.875
W,YP_009336483_1,Lucheng,-9.54990005493164,-8.393,7.6309,0.5
W,YP_009513020_1,HKU15,-0.165843665599823,-6.504,6.9623,0.25
W,YP_005352862_1,HKU19,-6.654171466827393,-8.251,7.1993,0.5
W,YP_002308478_1,HKU11,-4.136252403259277,-6.533,7.0043,0.375
X,YP_009555250_1,OC43,-8.38520622253418,-9.136,7.3432,0.4444444444444444
X,YP_009924387_1,HKU9,-10.16777229309082,-9.331,7.4078,0.6666666666666666
X,YP_008439216_1,CDPHE15,-6.739495754241943,-8.666,7.2722,0.5555555555555556
X,YP_009944273_1,HKU1,-8.536142349243164,-9.047,7.2514,0.5555555555555556
X,YP_009047217_1,MERS-CoV,-6.965083122253418,-8.153,7.2536,0.6666666666666666
X,YP_009944365_1,SARS-CoV-1,-9.512818336486816,-8.909,7.6007,0.4444444444444444
X,YP_010037473_1,CHB25,-8.806219100952148,-8.823,7.2208,0.4444444444444444
X,NP_835346_1,229E,-8.318279266357422,-8.326,7.1827,0.4444444444444444
X,YP_009725295_1,SARS-CoV-2,-8.301984786987305,-8.895,7.5579,0.4444444444444444
X,YP_001718611_1,HKU8,-10.248726844787598,-9.117,7.427,0.5555555555555556
X,YP_010229075_1,NL63,-8.54050350189209,-8.44,7.0324,0.5555555555555556
X,YP_010037559_1,HKU33,-9.392607688903809,-8.948,7.3186,0.5555555555555556
X,YP_002308478_1,HKU11,-3.060683012008667,-8.249,6.8023,0.4444444444444444
X,YP_009513020_1,HKU15,-0.1726754903793335,-6.423,6.6009,0.1111111111111111
X,YP_005352862_1,HKU19,-7.371275901794434,-7.803,6.8083,0.3333333333333333
X,YP_009336483_1,Lucheng,-10.785438537597656,-8.818,7.3797,0.5555555555555556
Y,YP_001718611_1,HKU8,-7.668102264404297,-8.649,7.5461,0.6
Y,YP_009047217_1,MERS-CoV,-10.074515342712402,-8.942,7.8987,0.6
Y,YP_009555250_1,OC43,-11.67980670928955,-9.922,7.9407,0.4
Y,YP_009944365_1,SARS-CoV-1,-8.528677940368652,-8.831,7.6132,0.8
Y,YP_008439216_1,CDPHE15,-5.277131080627441,-8.413,7.2315,0.6
Y,YP_009944273_1,HKU1,-10.574268341064451,-8.941,7.8214,0.4
Y,NP_835346_1,229E,-6.101598739624023,-7.265,7.3455,0.4
Y,YP_009924387_1,HKU9,-9.935239791870115,-9.137,7.5562,0.4
Y,YP_010037473_1,CHB25,-8.56216812133789,-8.175,7.5804,0.6
Y,YP_009725295_1,SARS-CoV-2,-8.816715240478516,-8.741,7.6866,0.8
Y,YP_009336483_1,Lucheng,-10.062458992004396,-9.042,7.8327,0.4
Y,YP_002308478_1,HKU11,-6.004858016967773,-6.794,7.04,0.4
Y,YP_009513020_1,HKU15,0.9272676706314088,-6.194,6.7113,0.0
Y,YP_005352862_1,HKU19,-4.277858734130859,-7.012,6.7124,0.4
Z,YP_009944273_1,HKU1,-10.627507209777832,-9.069,7.536,0.25
Z,YP_009924387_1,HKU9,-11.768762588500977,-9.525,7.2128,0.375
Z,YP_008439216_1,CDPHE15,-8.268896102905273,-9.744,7.3763,0.5
Z,YP_009047217_1,MERS-CoV,-9.088675498962402,-8.643,7.7182,0.625
Z,YP_010037473_1,CHB25,-9.917778968811035,-8.82,7.174,0.625
Z,YP_010037559_1,HKU33,-6.926990509033203,-7.929,7.161,0.375
Z,YP_009725295_1,SARS-CoV-2,-7.859626770019531,-8.703,7.5998,0.375
Z,YP_010229075_1,NL63,-8.638961791992188,-8.56,7.4981,0.375
Z,NP_835346_1,229E,-4.295562744140625,-5.466,6.7092,0.375
Z,YP_009944365_1,SARS-CoV-1,-8.143660545349121,-8.972,7.5387,0.375
Z,YP_001718611_1,HKU8,-9.37354564666748,-9.222,7.3065,0.5
Z,YP_009555250_1,OC43,-10.28488540649414,-9.116,7.4627,0.375
Z,YP_009336483_1,Lucheng,-9.740470886230469,-9.181,7.4579,0.625
Z,YP_002308478_1,HKU11,-6.102457046508789,-8.265,6.7154,0.5
Z,YP_009513020_1,HKU15,-6.553189277648926,-8.299,6.8055,0.625
Z,YP_005352862_1,HKU19,-6.015289306640625,-7.329,6.5901,0.375
AA,YP_009725295_1,SARS-CoV-2,-12.550735473632812,-8.974,7.6124,1.0
AA,YP_010037473_1,CHB25,-9.485862731933594,-8.523,7.2192,0.7142857142857143
AA,YP_001718611_1,HKU8,-11.75881004333496,-9.208,7.4776,0.7142857142857143
AA,YP_009047217_1,MERS-CoV,-10.877897262573242,-8.299,7.4179,0.8571428571428571
AA,NP_835346_1,229E,-9.656055450439451,-7.864,7.3596,0.5714285714285714
AA,YP_010229075_1,NL63,-10.910173416137695,-8.413,7.4311,0.5714285714285714
AA,YP_008439216_1,CDPHE15,-10.969324111938477,-8.711,7.2784,0.5714285714285714
AA,YP_010037559_1,HKU33,-9.97506046295166,-8.47,7.4085,0.7142857142857143
AA,YP_009924387_1,HKU9,-10.15139389038086,-8.182,7.3979,0.5714285714285714
AA,YP_009944273_1,HKU1,-10.956615447998049,-8.4,7.5835,0.5714285714285714
AA,YP_009944365_1,SARS-CoV-1,-12.905158996582031,-9.061,7.6492,0.8571428571428571
AA,YP_009555250_1,OC43,-9.977951049804688,-7.887,7.2855,0.4285714285714285
AA,YP_002308478_1,HKU11,-4.180725574493408,-6.528,6.7514,0.2857142857142857
AA,YP_005352862_1,HKU19,-3.917059421539306,-5.522,6.6133,0.7142857142857143
AA,YP_009513020_1,HKU15,-4.848856449127197,-6.848,6.6803,0.5714285714285714
AA,YP_009336483_1,Lucheng,-7.913137435913086,-7.386,7.3152,0.5714285714285714
AB,NP_835346_1,229E,-4.69357442855835,-7.217,6.9973,0.6666666666666666
AB,YP_001718611_1,HKU8,-10.71916389465332,-9.447,7.5835,0.6666666666666666
AB,YP_009555250_1,OC43,-6.908287525177002,-9.006,7.2435,0.5
AB,YP_010229075_1,NL63,-8.548309326171875,-8.946,7.4434,0.8333333333333334
AB,YP_009047217_1,MERS-CoV,-8.775033950805664,-8.656,7.1992,0.5
AB,YP_009944365_1,SARS-CoV-1,-5.48209285736084,-7.476,7.3597,0.6666666666666666
AB,YP_010037559_1,HKU33,-8.022920608520508,-8.635,7.1743,0.5
AB,YP_010037473_1,CHB25,-7.774398326873779,-8.682,7.1547,0.3333333333333333
AB,YP_009924387_1,HKU9,-9.449607849121094,-8.537,6.9866,0.8333333333333334
AB,YP_009944273_1,HKU1,-7.251396656036377,-8.447,7.2461,0.5
AB,YP_009725295_1,SARS-CoV-2,-9.089643478393556,-9.015,7.176,0.6666666666666666
AB,YP_008439216_1,CDPHE15,-8.554673194885254,-9.076,7.2274,0.8333333333333334
AB,YP_005352862_1,HKU19,-0.4388143718242645,-4.807,6.1828,0.5
AB,YP_009336483_1,Lucheng,-9.14792537689209,-8.712,7.3754,0.6666666666666666
AB,YP_009513020_1,HKU15,-4.201499938964844,-7.981,6.9627,0.6666666666666666
AB,YP_002308478_1,HKU11,0.4541857242584228,-5.818,6.3965,0.0
AC,YP_010037473_1,CHB25,-9.179443359375,-8.808,7.0623,0.5714285714285714
AC,YP_009924387_1,HKU9,-10.738899230957031,-9.693,7.1405,0.7142857142857143
AC,YP_009047217_1,MERS-CoV,-8.363505363464355,-8.113,7.0445,0.8571428571428571
AC,YP_001718611_1,HKU8,-9.936151504516602,-9.11,7.1994,0.8571428571428571
AC,YP_009944273_1,HKU1,-9.642658233642578,-8.923,7.3906,0.7142857142857143
AC,YP_010229075_1,NL63,-10.00641918182373,-8.854,7.0859,0.5714285714285714
AC,YP_009725295_1,SARS-CoV-2,-10.338682174682615,-9.063,7.035,1.0
AC,YP_010037559_1,HKU33,-8.748779296875,-8.843,7.1712,0.7142857142857143
AC,NP_835346_1,229E,-10.223997116088867,-8.901,7.0042,0.5714285714285714
AC,YP_009555250_1,OC43,-9.199772834777832,-8.052,7.1276,0.7142857142857143
AC,YP_008439216_1,CDPHE15,-7.684584617614746,-9.103,7.0497,0.8571428571428571
AC,YP_009944365_1,SARS-CoV-1,-12.295531272888184,-8.953,7.1549,0.7142857142857143
AC,YP_005352862_1,HKU19,-7.130001544952393,-7.402,6.623,0.5714285714285714
AC,YP_009336483_1,Lucheng,-10.286521911621094,-8.551,6.8831,0.7142857142857143
AC,YP_002308478_1,HKU11,-5.407161235809326,-7.195,6.5197,0.7142857142857143
AC,YP_009513020_1,HKU15,-6.840924263000488,-7.861,6.7895,0.7142857142857143
AD,YP_009047217_1,MERS-CoV,-6.547939777374268,-9.076,7.3164,0.5714285714285714
AD,YP_010037473_1,CHB25,-7.565292358398437,-9.217,7.1358,0.7142857142857143
AD,YP_009944273_1,HKU1,-7.518739700317383,-9.625,7.5965,0.7142857142857143
AD,YP_010037559_1,HKU33,-5.736611366271973,-8.407,7.0319,0.7142857142857143
AD,YP_009924387_1,HKU9,-6.398920059204102,-9.174,7.184,0.7142857142857143
AD,YP_010229075_1,NL63,-6.252388954162598,-9.389,7.1132,0.7142857142857143
AD,YP_002308478_1,HKU11,-0.6358420848846436,-6.633,6.1975,0.2857142857142857
AD,YP_009944365_1,SARS-CoV-1,-7.106369495391846,-9.282,7.3231,0.8571428571428571
AD,YP_001718611_1,HKU8,-6.331554412841797,-9.173,7.1873,0.5714285714285714
AD,YP_008439216_1,CDPHE15,-7.222855091094971,-9.486,7.2658,0.7142857142857143
AD,YP_009555250_1,OC43,-7.297347068786621,-9.539,7.2905,0.7142857142857143
AD,NP_835346_1,229E,-5.052634239196777,-8.842,7.0509,0.5714285714285714
AD,YP_009725295_1,SARS-CoV-2,-5.993541717529297,-8.694,7.2607,0.7142857142857143
AD,YP_009336483_1,Lucheng,-5.344116687774658,-8.977,6.8694,0.4285714285714285
AD,YP_009513020_1,HKU15,1.373142957687378,-6.692,6.3061,0.2857142857142857
AD,YP_005352862_1,HKU19,-2.9987263679504395,-6.329,6.3907,0.2857142857142857
AE,YP_008439216_1,CDPHE15,-6.919480323791504,-8.446,7.5117,0.6666666666666666
AE,YP_010037473_1,CHB25,-8.564085006713867,-9.441,7.5677,0.5
AE,YP_001718611_1,HKU8,-7.122291088104248,-9.077,7.3975,0.6666666666666666
AE,YP_009555250_1,OC43,-8.832140922546387,-9.369,7.0264,0.6666666666666666
AE,YP_010037559_1,HKU33,-7.703785419464111,-8.8,7.4839,0.5
AE,NP_835346_1,229E,-7.60529899597168,-9.055,7.3759,0.8333333333333334
AE,YP_009924387_1,HKU9,-9.18288230895996,-9.411,7.6056,0.6666666666666666
AE,YP_009944365_1,SARS-CoV-1,-8.892618179321289,-9.205,7.6774,1.0
AE,YP_009047217_1,MERS-CoV,-9.23503303527832,-9.141,7.9218,0.8333333333333334
AE,YP_009944273_1,HKU1,-9.67232894897461,-9.857,7.6711,0.5
AE,YP_009725295_1,SARS-CoV-2,-6.735368728637695,-8.303,7.5411,0.6666666666666666
AE,YP_010229075_1,NL63,-7.797589302062988,-8.919,7.5688,0.8333333333333334
AE,YP_002308478_1,HKU11,1.5428749322891235,-5.314,6.2542,0.1666666666666666
AE,YP_009513020_1,HKU15,-3.0141713619232178,-7.976,6.8051,0.3333333333333333
AE,YP_005352862_1,HKU19,-1.7242649793624878,-4.753,6.6849,0.3333333333333333
AE,YP_009336483_1,Lucheng,-7.154669761657715,-9.1,7.3533,0.5
AF,YP_009725295_1,SARS-CoV-2,-10.482562065124512,-9.116,7.357,1.0
AF,YP_009944273_1,HKU1,-8.056954383850098,-8.869,6.903,0.4
AF,YP_008439216_1,CDPHE15,-6.993978977203369,-8.037,6.7981,0.8
AF,YP_001718611_1,HKU8,-9.657270431518556,-8.912,6.8843,0.6
AF,YP_010037559_1,HKU33,-8.37809944152832,-8.415,6.9402,0.4
AF,YP_009555250_1,OC43,-9.16759204864502,-8.874,7.1268,0.6
AF,YP_010037473_1,CHB25,-9.455187797546388,-8.762,7.1477,0.4
AF,NP_835346_1,229E,-7.5997185707092285,-7.912,6.8115,0.6
AF,YP_009047217_1,MERS-CoV,-8.960370063781738,-8.298,7.0762,0.4
AF,YP_009944365_1,SARS-CoV-1,-9.26125717163086,-8.587,7.1669,1.0
AF,YP_009924387_1,HKU9,-9.643649101257324,-8.731,7.0943,0.6
AF,YP_010229075_1,NL63,-10.055946350097656,-8.731,6.962,0.8
AF,YP_002308478_1,HKU11,-5.1184916496276855,-7.963,6.7978,1.0
AF,YP_005352862_1,HKU19,-5.488614559173584,-6.911,6.5383,0.6
AF,YP_009513020_1,HKU15,-0.5018496513366699,-6.555,6.0769,0.4
AG,YP_009924387_1,HKU9,-11.302350044250488,-9.077,7.264,0.6666666666666666
AG,YP_008439216_1,CDPHE15,-11.024937629699709,-9.168,7.1649,0.6666666666666666
AG,YP_009725295_1,SARS-CoV-2,-11.908127784729004,-9.215,7.2112,0.8888888888888888
AG,YP_009944365_1,SARS-CoV-1,-12.255585670471191,-9.189,7.4205,0.8888888888888888
AG,YP_001718611_1,HKU8,-11.993596076965332,-9.606,7.4139,0.7777777777777778
AG,YP_009555250_1,OC43,-10.726872444152832,-9.112,7.3565,0.5555555555555556
AG,YP_010037473_1,CHB25,-10.20277500152588,-8.826,7.1554,0.6666666666666666
AG,YP_009047217_1,MERS-CoV,-11.344059944152832,-8.669,7.2499,0.6666666666666666
AG,YP_009944273_1,HKU1,-9.475869178771973,-8.671,7.4756,0.4444444444444444
AG,YP_010037559_1,HKU33,-10.413116455078123,-9.174,7.0407,0.4444444444444444
AG,YP_010229075_1,NL63,-11.567776679992676,-8.776,7.2251,0.4444444444444444
AG,YP_005352862_1,HKU19,-3.6231026649475098,-6.61,6.5406,0.4444444444444444
AG,YP_009336483_1,Lucheng,-10.459750175476074,-8.655,7.1054,0.5555555555555556
AG,YP_009513020_1,HKU15,-3.1918513774871826,-5.859,6.3793,0.3333333333333333
AG,YP_002308478_1,HKU11,-6.21917724609375,-7.0,6.5416,0.5555555555555556
AH,YP_009924387_1,HKU9,-8.599583625793457,-8.925,7.1295,0.6
AH,YP_009047217_1,MERS-CoV,-8.683996200561523,-8.78,7.2871,0.8
AH,YP_009555250_1,OC43,-8.933573722839355,-9.026,7.2,0.4
AH,YP_010229075_1,NL63,-6.036312103271484,-8.076,7.0099,0.6
AH,YP_010037473_1,CHB25,-7.126937389373779,-8.28,7.0235,0.4
AH,YP_010037559_1,HKU33,-5.536898612976074,-8.002,6.8593,0.4
AH,YP_009944365_1,SARS-CoV-1,-6.914402484893799,-8.496,7.1482,0.6
AH,YP_008439216_1,CDPHE15,-7.641306400299072,-9.087,7.184,0.8
AH,YP_009725295_1,SARS-CoV-2,-7.304747581481934,-8.488,7.2399,0.8
AH,YP_001718611_1,HKU8,-6.249445915222168,-8.081,6.9711,0.6
AH,YP_009944273_1,HKU1,-10.006877899169922,-9.449,7.3289,0.4
AH,NP_835346_1,229E,-4.285355091094971,-7.408,6.7713,0.6
AH,YP_009336483_1,Lucheng,-8.358884811401367,-8.787,6.9744,0.6
AH,YP_009513020_1,HKU15,0.7456081509590149,-6.476,6.5959,0.4
AH,YP_002308478_1,HKU11,-4.07465934753418,-6.744,6.5928,0.4
AH,YP_005352862_1,HKU19,-1.3695263862609863,-5.514,6.4107,0.4
AI,YP_009944273_1,HKU1,-9.531316757202148,-9.166,7.2128,0.75
AI,YP_009047217_1,MERS-CoV,-8.485002517700195,-9.049,7.2367,0.75
AI,YP_010229075_1,NL63,-6.50598669052124,-8.518,6.8707,1.0
AI,NP_835346_1,229E,-7.029452800750732,-8.257,6.9973,1.0
AI,YP_009944365_1,SARS-CoV-1,-9.553915023803713,-9.43,7.29,0.75
AI,YP_010037473_1,CHB25,-7.945509433746338,-9.125,7.1617,0.75
AI,YP_009725295_1,SARS-CoV-2,-8.352435111999512,-8.815,7.1135,0.75
AI,YP_008439216_1,CDPHE15,-5.934603214263916,-8.48,6.9684,0.75
AI,YP_009555250_1,OC43,-8.68397045135498,-9.336,7.0517,0.5
AI,YP_009924387_1,HKU9,-8.907341003417969,-8.879,7.146,0.75
AI,YP_001718611_1,HKU8,-7.51331090927124,-8.661,7.034,0.75
AI,YP_010037559_1,HKU33,-7.356719970703125,-8.269,7.0672,0.75
AI,YP_009513020_1,HKU15,-3.7734978199005127,-7.711,6.806,0.5
AI,YP_005352862_1,HKU19,-3.781393051147461,-7.019,6.5261,0.5
AI,YP_009336483_1,Lucheng,-7.748844623565674,-8.787,7.0059,1.0
AI,YP_002308478_1,HKU11,-3.577641725540161,-7.24,6.5104,0.5
AJ,YP_010037473_1,CHB25,-9.460283279418944,-9.311,7.5792,0.75
AJ,YP_009047217_1,MERS-CoV,-9.88209629058838,-9.079,7.8167,0.75
AJ,YP_009944365_1,SARS-CoV-1,-9.276674270629885,-9.017,7.485,0.75
AJ,YP_009555250_1,OC43,-10.061620712280272,-9.82,7.6258,0.75
AJ,YP_009725295_1,SARS-CoV-2,-10.538656234741213,-9.493,8.096,0.75
AJ,YP_010037559_1,HKU33,-9.611974716186523,-8.295,7.3514,1.0
AJ,YP_001718611_1,HKU8,-9.308549880981444,-9.293,7.4938,1.0
AJ,YP_010229075_1,NL63,-8.905160903930664,-9.005,7.4846,1.0
AJ,NP_835346_1,229E,-7.250804424285889,-8.534,7.3457,1.0
AJ,YP_009924387_1,HKU9,-9.732620239257812,-9.191,7.5049,0.75
AJ,YP_008439216_1,CDPHE15,-7.535760879516602,-8.961,7.4828,0.75
AJ,YP_009944273_1,HKU1,-10.12490940093994,-9.603,7.797,0.5
AJ,YP_009336483_1,Lucheng,-8.937784194946289,-8.97,7.5183,0.75
AJ,YP_005352862_1,HKU19,-2.3586790561676025,-6.986,6.5666,0.25
AJ,YP_002308478_1,HKU11,-5.164117336273193,-7.712,6.9123,0.75
AJ,YP_009513020_1,HKU15,-4.510220050811768,-8.276,6.9867,0.75
AK,YP_010229075_1,NL63,-5.880692005157471,-8.995,7.3348,0.25
AK,NP_835346_1,229E,-8.001688003540039,-8.918,7.2763,0.5
AK,YP_009725295_1,SARS-CoV-2,-10.011860847473145,-9.421,7.7375,0.625
AK,YP_009047217_1,MERS-CoV,-8.09569263458252,-8.854,7.4845,0.625
AK,YP_010037559_1,HKU33,-6.0727314949035645,-8.788,7.3922,0.625
AK,YP_001718611_1,HKU8,-8.20361328125,-9.612,7.7681,0.75
AK,YP_009924387_1,HKU9,-10.14757251739502,-9.745,7.5298,0.625
AK,YP_008439216_1,CDPHE15,-6.876442909240723,-8.87,7.4722,0.5
AK,YP_009944365_1,SARS-CoV-1,-12.957975387573242,-10.68,7.9127,0.875
AK,YP_009555250_1,OC43,-6.957096099853516,-9.068,7.4034,0.625
AK,YP_010037473_1,CHB25,-5.976955413818359,-9.378,7.4491,0.5
AK,YP_009944273_1,HKU1,-7.920711994171143,-8.931,7.5446,0.5
AK,YP_009336483_1,Lucheng,-9.07494831085205,-9.065,7.448,0.625
AK,YP_009513020_1,HKU15,-2.889209747314453,-7.597,6.9066,0.375
AK,YP_002308478_1,HKU11,-7.120778560638428,-8.383,7.1866,0.375
AK,YP_005352862_1,HKU19,-5.325196743011475,-7.542,6.7491,0.5
AL,YP_009924387_1,HKU9,-9.695767402648926,-9.642,7.8214,0.75
AL,NP_835346_1,229E,-8.061028480529785,-8.701,7.5689,0.75
AL,YP_001718611_1,HKU8,-10.110162734985352,-9.371,7.6645,0.75
AL,YP_009725295_1,SARS-CoV-2,-10.198177337646484,-9.161,7.768,0.875
AL,YP_009944365_1,SARS-CoV-1,-11.596797943115234,-9.1,7.8659,0.75
AL,YP_008439216_1,CDPHE15,-8.619854927062988,-9.121,7.5894,0.75
AL,YP_010037473_1,CHB25,-8.020537376403809,-9.148,7.5192,0.75
AL,YP_009047217_1,MERS-CoV,-12.34377098083496,-9.492,7.8354,0.625
AL,YP_010037559_1,HKU33,-9.897037506103516,-8.984,7.6129,0.75
AL,YP_009944273_1,HKU1,-8.85423469543457,-8.716,7.7884,0.75
AL,YP_009555250_1,OC43,-9.024150848388672,-8.714,7.7154,0.625
AL,YP_010229075_1,NL63,-6.5577168464660645,-8.874,7.4306,0.625
AL,YP_005352862_1,HKU19,-6.456826210021973,-7.496,7.5291,0.375
AL,YP_009336483_1,Lucheng,-11.152091026306152,-9.009,7.4894,0.5
AL,YP_009513020_1,HKU15,-2.9687399864196777,-7.029,7.1072,0.5
AL,YP_002308478_1,HKU11,-3.8506808280944815,-5.386,6.7011,0.5
AM,YP_009944273_1,HKU1,-9.042284965515137,-7.843,7.6601,0.3333333333333333
AM,YP_009555250_1,OC43,-12.368241310119627,-9.245,7.7998,0.6666666666666666
AM,YP_010037559_1,HKU33,-7.649658203125,-8.839,7.432,0.6666666666666666
AM,YP_001718611_1,HKU8,-11.517005920410156,-9.078,7.5546,0.8333333333333334
AM,YP_010229075_1,NL63,-8.273548126220703,-8.078,7.387,0.6666666666666666
AM,YP_009944365_1,SARS-CoV-1,-13.238103866577148,-9.353,7.7341,0.6666666666666666
AM,NP_835346_1,229E,-7.194564342498779,-8.269,7.4229,0.6666666666666666
AM,YP_009725295_1,SARS-CoV-2,-12.291698455810549,-9.303,7.9092,0.8333333333333334
AM,YP_009924387_1,HKU9,-11.764991760253906,-9.462,7.6872,0.8333333333333334
AM,YP_009047217_1,MERS-CoV,-7.574011325836182,-7.987,7.6896,0.5
AM,YP_008439216_1,CDPHE15,-8.690279006958008,-8.785,7.581,0.3333333333333333
AM,YP_010037473_1,CHB25,-5.421783447265625,-7.205,7.2153,0.6666666666666666
AM,YP_005352862_1,HKU19,-3.3711750507354736,-6.38,6.9812,0.3333333333333333
AM,YP_002308478_1,HKU11,-5.944277286529541,-7.519,7.0876,0.5
AM,YP_009336483_1,Lucheng,-9.81253147125244,-7.779,7.83,0.6666666666666666
AM,YP_009513020_1,HKU15,-1.8598250150680544,-6.939,7.084,0.3333333333333333
AN,YP_010229075_1,NL63,-12.009087562561035,-9.118,7.5581,0.5
AN,YP_010037473_1,CHB25,-7.570733070373535,-8.078,7.1884,0.5
AN,YP_009047217_1,MERS-CoV,-11.376242637634276,-9.332,7.5153,0.625
AN,NP_835346_1,229E,-9.295249938964844,-9.5,7.2456,0.375
AN,YP_001718611_1,HKU8,-9.416481018066406,-8.863,7.27,0.5
AN,YP_009924387_1,HKU9,-6.9714436531066895,-9.275,7.1893,0.75
AN,YP_009725295_1,SARS-CoV-2,-10.18875503540039,-9.05,7.5264,0.375
AN,YP_009944365_1,SARS-CoV-1,-9.199090003967283,-9.114,7.5386,0.875
AN,YP_009944273_1,HKU1,-9.020670890808104,-8.987,7.4038,0.25
AN,YP_009555250_1,OC43,-7.97961950302124,-9.605,7.5429,0.625
AN,YP_002308478_1,HKU11,-0.9449678659439088,-5.119,6.6084,0.5
AN,YP_005352862_1,HKU19,-2.8968071937561035,-7.625,6.5984,0.5
AN,YP_009336483_1,Lucheng,-7.869874954223633,-7.922,7.2756,0.625
AN,YP_009513020_1,HKU15,-2.152992010116577,-6.266,6.5296,0.375
AO,YP_009555250_1,OC43,-8.349419593811035,-8.992,7.2557,0.8
AO,YP_009944365_1,SARS-CoV-1,-9.8704252243042,-9.802,7.2865,1.0
AO,YP_010037473_1,CHB25,-8.59904670715332,-9.213,6.9941,0.4
AO,YP_001718611_1,HKU8,-10.506884574890137,-10.313,7.2425,0.8
AO,YP_010229075_1,NL63,-8.623982429504395,-9.597,7.0781,0.6
AO,YP_009725295_1,SARS-CoV-2,-11.260266304016112,-10.246,7.3312,1.0
AO,YP_008439216_1,CDPHE15,-9.510241508483888,-9.811,7.3117,0.8
AO,YP_009047217_1,MERS-CoV,-9.32778263092041,-9.261,7.2785,0.6
AO,YP_010037559_1,HKU33,-8.714051246643066,-9.665,7.1473,0.8
AO,YP_009924387_1,HKU9,-10.072863578796388,-9.75,7.152,0.8
AO,YP_009944273_1,HKU1,-10.163134574890137,-9.471,7.5283,0.6
AO,NP_835346_1,229E,-7.068521976470947,-8.484,6.9872,0.6
AO,YP_002308478_1,HKU11,-2.7158939838409424,-6.666,6.1957,0.4
AO,YP_005352862_1,HKU19,-0.3555827736854553,-6.256,6.0251,0.2
AO,YP_009513020_1,HKU15,-1.7982240915298462,-7.536,6.5581,0.2
AO,YP_009336483_1,Lucheng,-9.046749114990234,-9.626,6.9782,0.6
AP,YP_008439216_1,CDPHE15,-10.977890014648438,-8.718,7.6119,0.625
AP,YP_001718611_1,HKU8,-10.418242454528809,-8.561,7.4217,0.5
AP,YP_009924387_1,HKU9,-10.55033016204834,-8.215,7.4096,0.5
AP,YP_009725295_1,SARS-CoV-2,-9.029245376586914,-8.476,7.3867,0.75
AP,YP_009555250_1,OC43,-9.759859085083008,-8.492,7.1993,0.625
AP,NP_835346_1,229E,-9.008557319641112,-8.205,7.2765,0.625
AP,YP_009047217_1,MERS-CoV,-10.616302490234377,-8.473,7.4695,0.5
AP,YP_010037473_1,CHB25,-9.756301879882812,-7.985,7.3662,0.5
AP,YP_010229075_1,NL63,-9.34455108642578,-8.316,7.3366,0.625
AP,YP_010037559_1,HKU33,-9.128106117248535,-8.649,7.3488,0.5
AP,YP_009944365_1,SARS-CoV-1,-9.667613983154297,-8.376,7.3475,0.75
AP,YP_009944273_1,HKU1,-11.333721160888672,-8.923,7.6688,0.625
AP,YP_009513020_1,HKU15,-2.329144239425659,-7.544,6.9471,0.5
AP,YP_002308478_1,HKU11,-4.416944980621338,-6.561,6.7478,0.5
AP,YP_009336483_1,Lucheng,-10.16979694366455,-8.257,7.4339,0.625
AP,YP_005352862_1,HKU19,-7.948873996734619,-7.879,7.1741,0.5
