lig-ID,IC50 (µM),IC50 lower (µM)
ASAP-0000164,0.033973206641478904,0.03218408544646845
ASAP-0000165,0.9821941915646613,0.8565926486920556
ASAP-0000166,1.490182687809554,1.3840578681796516
ASAP-0000167,0.07653493400071915,0.0727676452144388
ASAP-0000168,0.07108357341426519,0.06703466208839065
ASAP-0000169,0.05258520336607585,0.0505283815233123
ASAP-0000170,0.8421588200754049,0.7852371236335327
ASAP-0000171,0.1372168486162419,0.1262304992421007
ASAP-0000173,6.842713700156803,6.291990357768927
ASAP-0000175,2.700061200690632,2.559900874693339
ASAP-0000176,3.189646380464503,3.000367247101274
ASAP-0000142,5.15681159064549,4.848636054621814
ASAP-0000144,0.7742274904447495,0.7369072269265453
ASAP-0000145,2.387714564842563,2.196843226446646
ASAP-0000146,0.3532682923318116,0.3305980370120126
ASAP-0000147,2.783333069935497,2.630370194951315
ASAP-0000150,3.961099645632212,3.768545821798178
ASAP-0000153,0.010921906998304563,0.010255384829736784
ASAP-0000154,1.6147609540497365,1.504076187736176
ASAP-0000155,0.045374688467788096,0.0420062455487833
ASAP-0000156,0.0680013106131225,0.06308428687411295
ASAP-0000157,0.061059015161953153,0.057591987304655645
ASAP-0000158,0.11224585768118205,0.10528126489906645
ASAP-0000159,0.07759331153113964,0.0728214604230131
ASAP-0000160,0.1040525512787603,0.09760260361537575
ASAP-0000161,0.07696270870267136,0.07019346882091225
ASAP-0000162,0.07903244921539412,0.07431517975140498
ASAP-0000163,0.1928780650225323,0.18168070033972245
ASAP-0000179,63.89573215454723,59.58219727323785
ASAP-0000180,22.17828359656779,21.10339470045383
ASAP-0000181,42.19083389817978,39.69916075435985
ASAP-0000182,61.99046266831989,57.87692593942358
ASAP-0000184,0.0903205427620087,0.0878225499841382
ASAP-0000185,0.1337300564017531,0.1299154116540389
ASAP-0000186,94.35016647387162,86.29117565451001
ASAP-0000187,9.723567661081674,9.218518010109474
ASAP-0000204,2.0712057799237305,0.7720701554163478
ASAP-0000205,0.07788848101606335,0.07514375017674525
ASAP-0000206,0.1053932257924738,0.10083042225663949
ASAP-0000207,0.1047360454501246,0.1006542368622313
ASAP-0000208,0.08966378141840126,0.0864472088676191
ASAP-0000209,0.07015737050338014,0.06758508716229665
ASAP-0000210,0.11849844142473726,0.1111442782267657
ASAP-0000212,0.10981219905985995,0.10603731015790205
ASAP-0000213,0.07690707823642265,0.0727543567309802
ASAP-0000214,0.06185434320138025,0.058805112510570204
ASAP-0000215,0.1095403449199127,0.10487607605706215
ASAP-0000216,0.0828039557420446,0.08048952723654604
ASAP-0000217,0.1166386585421579,0.10823541671178366
ASAP-0000218,0.41390610181275617,0.3446389821111788
ASAP-0000220,0.08334577194189685,0.0807718294433418
ASAP-0000222,0.0827381444594034,0.06852767863818335
ASAP-0000223,0.1089337928315679,0.10507488417301135
ASAP-0000224,0.11328019479847376,0.1030685729841613
ASAP-0000225,0.0635601674839609,0.059055554317414605
ASAP-0000226,0.32936962714119306,0.2011092340860942
ASAP-0000227,0.0765709089153959,0.07392197372755385
ASAP-0000228,59.81787669925924,56.84662019753453
ASAP-0000229,37.31638265358108,36.11082223002751
ASAP-0000235,2.856752282591444,2.698544846396879
ASAP-0000237,75.9838594396675,71.37967846522275
ASAP-0000238,79.67751251559736,76.20006998435463
ASAP-0000240,2.409670305081074,2.345761537474632
ASAP-0000241,0.2034349695665186,0.1955122042541167
ASAP-0000219,0.1014910885808471,0.09516762369243194
ASAP-0000221,0.0281505356658166,0.0269382836165317
ASAP-0000211,0.0502791567968369,0.048486652780726
ASAP-0000271,64.5480511884483,58.23291616623248
ASAP-0000275,6.561836264070342,6.067008848444633
ASAP-0000273,76.38572910121542,69.32375364607788
ASAP-0000362,0.4068652315986465,0.3394611008987725
ASAP-0000431,1.859176824673835,1.715958810075796
ASAP-0000432,17.20305705429233,15.25115519811473
ASAP-0000434,18.10577156801182,16.23936408153599
ASAP-0000435,1.549739972836404,1.456204063931324
ASAP-0000436,3.746211121613571,3.432724311325983
ASAP-0000438,12.33320553003674,11.33312342530615
ASAP-0000439,6.252385618497581,5.917701594805884
ASAP-0000440,53.94374605738236,49.80444599703966
ASAP-0000441,22.60148311213753,20.8244129442587
ASAP-0000433,4.030354079271782,3.674823547704235
ASAP-0000437,0.4175186596704301,0.3957355706708679
ASAP-0000442,57.15965116538537,53.09866708992055
ASAP-0000446,33.62500213762569,31.45584397077484
ASAP-0000447,6.119251274906079,5.748799224235873
ASAP-0000483,80.39899411621866,74.95703417061375
ASAP-0000485,3.377306588567401,3.176346215306343
ASAP-0000445,7.501783314622061,6.942351489801752
ASAP-0000484,3.209248079281353,3.038159696715859
ASAP-0000372,0.2891957460122841,0.2680584445240507
ASAP-0000373,0.0660765913194789,0.06192086413554736
ASAP-0000374,0.2231337024673024,0.2116856319369449
ASAP-0000378,94.45557083570854,79.78412834565061
ASAP-0000514,1.67035320731207,1.455643601578771
ASAP-0000516,1.770910459592727,1.513478834835136
ASAP-0000518,1.029472040379565,0.8129905411311683
ASAP-0000519,1.691646938925657,1.39916426141877
ASAP-0000520,6.506884071974319,5.777412638833049
ASAP-0000517,6.690118737838125,5.506399288096259
ASAP-0000521,35.45123136582787,31.97593751442151
ASAP-0000522,31.28541555727649,23.86123903938156
ASAP-0000523,0.3401595210743197,0.3166517494808575
ASAP-0000525,48.72199665829086,43.79194486457283
ASAP-0000526,0.05306211215332435,0.04674744545361245
ASAP-0000527,39.94820960158768,36.84421247775798
ASAP-0000529,14.04108765673008,13.11343377911793
ASAP-0000530,6.558661664338585,5.01421214174152
ASAP-0000531,43.41239022625296,41.25732914102618
ASAP-0000533,76.09485522104767,69.0168948434383
ASAP-0000524,23.99384209972122,20.17137622821926
ASAP-0000528,0.04873151552672535,0.042691990098723154
ASAP-0000532,87.41482244188789,79.31341530043494
ASAP-0000534,0.8809989454931728,0.8420668246113612
ASAP-0000535,8.524442004897477,8.134481627729542
ASAP-0000536,9.20206611213509,8.804203082179159
ASAP-0000538,5.703985774973152,5.247990131552134
ASAP-0000539,61.26005047607815,57.11904628615634
ASAP-0000542,0.797432013965092,0.7712513148556991
ASAP-0000544,2.786660728549698,2.659373460353082
ASAP-0000537,1.731775451526671,1.609465501746917
ASAP-0000541,0.3322675097626538,0.3221420485093602
ASAP-0000637,17.59047629675964,16.14943551434368
ASAP-0000638,16.3024525833733,15.07358075339808
ASAP-0000573,5.654750484315779,5.188055376682679
ASAP-0000575,7.235916304986065,6.510175720231046
ASAP-0000576,25.56641815461312,23.30121146241295
ASAP-0000577,0.092706157494816,0.0743042347787181
ASAP-0000579,2.050751831381062,1.851112288900207
ASAP-0000580,0.4844928343119738,0.4555725859952017
ASAP-0000581,6.898271143922661,6.250059202274473
ASAP-0000574,87.59910689378586,76.04407751306877
ASAP-0000578,6.247954824329359,5.522805117509134
ASAP-0000653,4.651495946734396,4.202770277797148
ASAP-0000655,9.943420623644371,7.539019159747961
ASAP-0000657,12.39404500056652,10.33036649065958
ASAP-0000658,2.955398896894202,2.634396533013819
ASAP-0000656,6.85560777778853,5.395985376931033
ASAP-0000640,10.24476486394373,9.585613519500468
ASAP-0000641,5.878152647743325,5.395176952236877
ASAP-0000644,5.642327149704224,5.318850615661615
ASAP-0000646,1.626299698743023,1.408805652841348
ASAP-0000648,2.033435522748688,1.729358589267907
ASAP-0000650,5.095507651465907,4.089062197839371
ASAP-0000652,2.565695602710887,2.468532303450266
ASAP-0000647,22.2719232673739,20.98601383676701
ASAP-0000651,1.529673082635667,1.465170384500038
ASAP-0000723,15.94741476669367,10.03225952587416
ASAP-0000725,0.7682291404944238,0.6655750050631704
ASAP-0000727,1.528312101350606,1.323493032110801
ASAP-0000728,3.50457832473159,2.646248184629525
ASAP-0000729,25.2030749273745,16.95857732579677
ASAP-0000731,0.64837534320093,0.5785424701543981
ASAP-0000732,14.98169988449355,13.59704325212123
ASAP-0000735,13.40628083161013,12.54580109095632
ASAP-0000726,18.7463531305267,14.43790081669469
ASAP-0000730,1.062710992248022,0.8492213857880875
ASAP-0000734,0.527446297483556,0.4907595793564316
ASAP-0000710,2.058821313095042,1.782254766512978
ASAP-0000711,21.75751815010881,16.98053229162021
ASAP-0000712,36.62315355044109,28.47708851425668
ASAP-0000714,27.81567671144103,24.89800291017781
ASAP-0000715,19.47026060214546,17.33378860991175
ASAP-0000716,1.86034122971508,1.515448874051937
ASAP-0000718,4.618362422714274,4.032407087074289
ASAP-0000719,6.324471485132943,5.368127087169839
ASAP-0000720,1.135253269721321,0.9183064677555508
ASAP-0000722,31.18317568906857,23.28165614462317
ASAP-0000713,9.353343871179428,8.247921043801004
ASAP-0000717,2.72545271315891,2.129936904341901
ASAP-0000721,62.69634146825163,38.66550759365946
ASAP-0000654,0.0685394550314392,0.0544867027210574
ASAP-0000737,5.345100710520627,4.87086207456416
ASAP-0000773,0.4638816069716405,0.3589160655226607
ASAP-0000774,0.08205724910733585,0.06028265206566075
ASAP-0000775,0.11284166659243841,0.0948251067857622
ASAP-0000771,19.209283609296,15.08108278560137
ASAP-0000772,47.21946138397044,35.06959249658005
ASAP-0000794,56.25092640242912,51.6077750961523
ASAP-0000801,1.283826062256626,1.22098417115456
ASAP-0000805,80.73678267630086,74.25973749690324
ASAP-0000808,18.87491700398797,17.41875487512996
ASAP-0000809,13.60608194436164,10.78878623718272
ASAP-0000810,70.36610713568368,63.79715603986274
ASAP-0000807,2.546067866952289,2.314927216134911
ASAP-0000811,34.82085737121289,31.07782827639237
ASAP-0000819,90.64012583610048,53.50506260106577
ASAP-0000821,12.22604637456103,10.8033529184566
ASAP-0000824,85.55438575439126,71.98451258568075
ASAP-0000795,37.59377450811948,22.3774929535031
ASAP-0000799,86.36046175254504,78.639419332471
ASAP-0000835,7.997563581231977,7.610453124092379
ASAP-0000798,59.12189342159657,53.43931699453904
ASAP-0000840,15.10314710313818,11.88625975087576
ASAP-0000846,48.26498996302241,40.27787776474625
ASAP-0000858,15.77816792907733,14.41159921640474
ASAP-0000832,57.88614933176385,51.42183173102699
ASAP-0000863,59.43050718321196,54.2806430186792
ASAP-0008245,1.653155025338492,1.534064390535184
ASAP-0008255,15.73480952791073,14.24513749037372
ASAP-0008259,0.07741644186778496,0.07330250856598636
ASAP-0000733,0.013448998210126,0.0122720823338497
ASAP-0000738,0.0248409659485626,0.0232642373704324
ASAP-0008269,62.53410399222899,57.93759680942793
ASAP-0008284,1.290367653816362,1.1068653541367912
ASAP-0008313,6.751021699756298,5.270593963506577
ASAP-0008314,0.2024146965543909,0.17358317618446345
ASAP-0008316,53.81240175382764,44.72323118316708
ASAP-0008285,0.3541951646635826,0.31733898316844544
ASAP-0008315,0.09443266455720631,0.0841586236497053
ASAP-0008329,9.502935813053286,7.427697848210094
ASAP-0008330,0.4617819281761169,0.3964877050073217
ASAP-0008331,0.1200702274089196,0.111782088495534
ASAP-0008333,13.24339897176966,10.88246346712426
ASAP-0008332,5.972670242185434,4.901859623825099
ASAP-0008258,0.0467168119699877,0.0435859352741319
ASAP-0000375,0.0391100668488482,0.0342263691895222
ASAP-0008356,41.75543488448237,36.58919931662503
ASAP-0008358,76.83461817323905,67.39916527626498
ASAP-0008360,17.66796724372816,15.47763192726604
ASAP-0008361,3.670361677747526,3.325767688714155
ASAP-0008362,1.045195201649144,0.9428767090735484
ASAP-0008364,0.6650092506015599,0.6066618067413847
ASAP-0008365,35.28174288105018,31.62962042152904
ASAP-0008366,20.73894084339464,18.69417427869305
ASAP-0008368,31.93246530028668,28.30232303672373
ASAP-0008359,12.81641595604792,9.767885747658909
ASAP-0008367,15.99032920751454,14.11695586654155
ASAP-0008369,57.1758475497729,50.71953630853407
ASAP-0008370,3.73921836112671,3.395991593808891
ASAP-0008371,5.867066329671457,5.198703971470878
ASAP-0008373,10.10966647242947,8.927422872032487
ASAP-0008374,4.29597887970473,3.892391088274096
ASAP-0008375,34.31926901890742,30.11120380864313
ASAP-0008372,27.25960872803318,24.05187078617985
ASAP-0008376,2.993521813216938,2.640331831826753
ASAP-0008409,16.75456946623561,14.51294718845567
ASAP-0008404,8.979392398377625,7.342944253293311
ASAP-0008405,7.00872003565294,5.83827164070276
ASAP-0008408,9.910213407081269,8.71934688244075
ASAP-0008394,1.530043110125367,1.354576878211341
ASAP-0008382,9.522654441057826,8.148023492545589
ASAP-0008385,1.31288782517557,1.15006011125901
ASAP-0008388,1.618917323391837,1.454660941279085
ASAP-0008420,0.1101362877366327,0.1015912982498702
ASAP-0008393,7.743209104330715,6.856965960772083
ASAP-0008415,10.78321052863601,8.681390602553796
ASAP-0008386,9.188822535661348,8.215691260125292
ASAP-0008383,5.665098952888752,5.045121230489901
ASAP-0008401,2.848670404264494,2.51114712808466
ASAP-0008384,11.977349294508,10.3543079354787
ASAP-0008387,20.65466677678156,18.26355742293307
ASAP-0008392,20.98738293687502,18.87333753082044
ASAP-0008410,4.148023015277448,3.644448236718624
ASAP-0008402,82.11624324909722,68.05585737683977
ASAP-0008411,0.489513296673956,0.4600520692760664
ASAP-0008428,0.4659360985720546,0.4148806067220823
ASAP-0008432,93.81985629460138,85.13238878294868
ASAP-0008439,14.04485041743968,12.60073956373797
ASAP-0008433,0.8362695082833097,0.7668010638455813
ASAP-0008434,12.00745908829009,11.0454768928241
ASAP-0008451,0.2042368658209886,0.1395453537462949
ASAP-0008429,16.03117602777679,14.84177882578716
ASAP-0008440,76.05932089666292,67.34948978498181
ASAP-0008453,1.433544659761834,1.336230064348876
ASAP-0008442,0.2951172658878893,0.2818228747331314
ASAP-0008452,0.3632600672710101,0.3449965296170294
ASAP-0008427,2.09613793105799,1.938217847899315
ASAP-0008459,10.80503073781468,10.01641585948335
ASAP-0008460,6.417941478382557,5.854647665425492
ASAP-0008456,67.60002546473925,62.29974153015538
ASAP-0008457,53.0276576389158,47.79323587738011
ASAP-0008461,7.265488626794145,6.62863759411393
ASAP-0008448,42.12746634822531,38.65454580146585
ASAP-0008462,8.371445793602508,7.699332102174248
ASAP-0008492,28.56706952251729,27.18113490579866
ASAP-0008493,30.29420949439964,29.03601747035255
ASAP-0008495,19.63500141404336,17.85955370991413
ASAP-0008497,9.605721855672622,8.758135769791089
ASAP-0008499,5.571648064813214,5.21671370994622
ASAP-0008470,7.450024870833846,7.098250206951314
ASAP-0008473,39.3718596426844,34.17029893034513
ASAP-0008475,0.1964938172779807,0.18333882979408517
ASAP-0008477,65.24399482319166,60.21464754957432
ASAP-0008481,24.62092073792607,22.00788974702565
ASAP-0008483,7.390314671827642,7.038410751882957
ASAP-0008486,15.22035860512837,13.64654080140153
ASAP-0008489,0.7722487405713754,0.7407072164988935
ASAP-0008479,0.8499327295450307,0.8189005267868159
ASAP-0008488,1.332130537909766,1.006501459788872
ASAP-0008501,19.77791403196922,13.9560784978125
ASAP-0008609,10.27806765786049,9.653781075316852
ASAP-0008612,10.14624961773821,9.506020922664232
ASAP-0008585,45.84654829977563,35.36724986788113
ASAP-0008591,4.158154912822474,3.844938824758257
ASAP-0008595,15.14087006266235,14.25784110795715
ASAP-0008599,33.32594660860437,19.39435008390988
ASAP-0008601,28.43353535977121,26.86708762035171
ASAP-0008603,3.264706731399595,3.114782962542772
ASAP-0008606,7.356278129820993,6.886270433973386
ASAP-0008588,46.3629894960937,41.13690615268009
ASAP-0008597,0.12518551036620384,0.120610433819324
ASAP-0008605,16.7084893695224,15.82007291993041
ASAP-0008625,31.40547050461598,28.77755219608423
ASAP-0008642,0.3156609702650249,0.2942168546882631
ASAP-0008624,98.97312068891972,87.7916200307977
ASAP-0008627,7.473786946291437,6.869789770248718
ASAP-0008626,31.12501661658499,28.87218308486012
ASAP-0008634,1.120876433582157,1.069494297596741
ASAP-0008631,28.35561595010868,26.23349306554606
ASAP-0008632,65.79123577845823,61.12152676208027
ASAP-0008629,5.358150061809096,5.097525415156686
ASAP-0008652,28.09586990430788,26.36979477604757
ASAP-0008635,21.28733861266985,19.66084013696052
ASAP-0008636,11.16621496597388,10.1462489556594
ASAP-0008653,0.13077401209027412,0.12417584897967995
ASAP-0008638,4.850080341426116,4.59785281565641
ASAP-0008661,0.4925061126363434,0.4715603640254558
ASAP-0008663,16.59492934915946,15.61885692666558
ASAP-0008667,1.054224771942003,0.8835935843395659
ASAP-0008669,0.1567477822871946,0.147676507737278
ASAP-0008671,0.2353047059398581,0.222257360712138
ASAP-0008675,0.1045157880251473,0.09964134781219905
ASAP-0008639,0.1262883090775092,0.12184218110630815
ASAP-0008672,0.08177123706109565,0.07805446960329471
ASAP-0008681,18.56651840922724,17.40726873890538
ASAP-0010724,0.9463520026663492,0.806923476380126
ASAP-0010736,0.3365532399535264,0.3222556552864993
ASAP-0010719,0.7287528042188006,0.6403117675473428
ASAP-0010734,0.06861353302600665,0.06445687744286925
ASAP-0010726,0.1609350230401289,0.1495137619783108
ASAP-0010721,0.8066647968414249,0.6744755346963545
ASAP-0010725,0.12918924740149315,0.1224311504801589
ASAP-0010712,0.086789293400655,0.08275875309041444
ASAP-0010713,46.68287849158153,44.09819971201557
ASAP-0010714,0.3622679751584,0.3396852473152853
ASAP-0010735,0.1559932160028885,0.1272650318807455
ASAP-0010711,0.1479319576007092,0.14006955580320152
ASAP-0010722,0.1794324535958509,0.1722485336173567
ASAP-0008659,0.0129625996297013,0.0124480043804461
ASAP-0008665,0.037033810881748,0.0352830950031638
ASAP-0008502,0.0059742405923838,0.0057446458006555
ASAP-0008466,0.06002888882289877,0.049977663288045204
ASAP-0010738,0.2893718722049853,0.272530028052727
ASAP-0010740,0.09361548184399882,0.08337150066494937
ASAP-0010742,0.1614684978989466,0.1513145224980587
ASAP-0010746,1.257376704879672,1.136512425412145
ASAP-0010750,0.4423261654556464,0.4045595396534704
ASAP-0010754,0.3484739249570117,0.3285717848590056
ASAP-0010756,3.307019051853708,3.076842925115643
ASAP-0010751,0.7200399048721324,0.4276920223830069
ASAP-0010755,0.5939431503074264,0.5668881961474862
ASAP-0010757,0.2725143501176186,0.2589514545925349
ASAP-0010758,1.2646911489088,1.199033173331192
ASAP-0010743,0.07597420797885646,0.07151374200071905
ASAP-0010748,0.05608489402811143,0.04664302352742474
ASAP-0010752,0.038126337518814904,0.035162228377878954
ASAP-0010910,18.58070317590615,17.10851443544976
ASAP-0011017,15.5276284248112,11.17952349481219
ASAP-0010940,3.626364455596307,3.049062043211083
ASAP-0011036,2.721435224480723,2.513669258875671
ASAP-0011039,3.957225037818381,3.409392914366029
ASAP-0011040,6.744275073806548,5.480326396422864
ASAP-0011041,1.722511242155398,1.595056297623184
ASAP-0011043,16.39230342911992,12.92943376192273
ASAP-0011044,5.265420302700805,4.300643670701899
ASAP-0011056,0.3755482633311603,0.3453152671790881
ASAP-0011042,60.03990827813197,45.91279679875061
ASAP-0011062,12.22147982138991,10.65616994860378
ASAP-0011065,91.10905188075996,84.20223636820592
ASAP-0010753,0.274906168920076,0.25130203200968226
ASAP-0011067,0.4130200915675856,0.3961833046463228
ASAP-0011031,0.0064719343314707,0.0060175964562567
ASAP-0011049,0.0147114063835362,0.0126294429886572
ASAP-0011059,0.050598372111785,0.0464564201514414
ASAP-0011034,0.0050876625623239,0.0047887162679103
ASAP-0011038,0.0119612434736488,0.0106151281921468
ASAP-0011052,0.0187067922122627,0.015965142118978
ASAP-0011124,0.0142956827697058,0.0130505293696474
ASAP-0011125,0.1296708346265366,0.0974188711200962
ASAP-0011126,4.941226391828774,4.053233973696717
ASAP-0011128,19.89031823447492,16.32636962293714
ASAP-0011129,0.0091514072574365,0.0076291357963511
ASAP-0011130,0.7403143980077448,0.6940811086892881
ASAP-0011127,0.0072499562204361,0.0067811581257632
ASAP-0011131,16.85992946904659,15.22220370389977
ASAP-0011133,0.6420949133863919,0.463343830004518
ASAP-0011135,5.557107422337903,3.518865718193315
ASAP-0011138,0.0770867590804278,0.0651583227089568
ASAP-0011139,0.169715952016797,0.1330926891334722
ASAP-0011140,0.2949253427959325,0.2434453611644508
ASAP-0011143,0.443106504299241,0.3653772008585932
ASAP-0011137,0.0065178186319139,0.0056720420411961
ASAP-0011141,0.059133744342216,0.0508457802582401
ASAP-0011165,0.1104394504626275,0.1043811472211681
ASAP-0011168,0.4979887337800257,0.4673219617367758
ASAP-0011175,0.5197813227848811,0.4844265118274803
ASAP-0011179,32.40749658305571,29.73349353640374
ASAP-0011181,0.2924510214539958,0.2707221196432175
ASAP-0011187,37.45511375448379,34.40107852775084
ASAP-0011191,15.19410978462082,13.73161482759218
ASAP-0011194,7.117132444294019,6.493920595084844
ASAP-0011200,0.9247106632236144,0.8262086303737936
ASAP-0011173,1.441400095432054,1.337595117845956
ASAP-0011185,0.0811392807794923,0.0753413920724834
ASAP-0011195,0.6372862904110933,0.5589442413210984
ASAP-0011202,1.213081109518104,1.11731409411275
ASAP-0011214,19.71680282294931,17.71707411949334
ASAP-0011216,56.02254857936741,51.52964247985899
ASAP-0011218,28.24351845997685,24.06958005899162
ASAP-0011222,27.58876462075026,25.28902397190819
ASAP-0011223,5.819997726150771,5.345953734128988
ASAP-0011224,31.58874242786443,29.5755357304691
ASAP-0011226,18.19500881268987,16.54977782392592
ASAP-0011212,3.698525029251045,3.32604537305448
ASAP-0011220,66.13341080528497,59.89070782597832
ASAP-0011225,5.473058152833963,5.014643958318339
ASAP-0011148,31.10032176426337,28.75443315953479
ASAP-0011151,79.48739693282161,73.39588873160339
ASAP-0011155,2.151820268878602,2.019333598055569
ASAP-0011160,18.33575032996958,16.91679987695901
ASAP-0011164,1.619761256788375,1.536663230860634
ASAP-0011227,75.3368416570777,68.56511567236699
ASAP-0011230,10.12045838872672,9.370492253650156
ASAP-0011231,46.09887437910681,43.39758343305876
ASAP-0011233,0.2244700971821786,0.2100906040800737
ASAP-0011157,27.76398937687472,25.31359818795038
ASAP-0011228,4.513018135955644,4.129144306476778
ASAP-0011232,1.854194088234104,1.684435254624514
ASAP-0011390,64.98906253051662,56.31610508206622
ASAP-0011398,57.78578980011235,51.22917795114924
ASAP-0011400,97.49216508400325,84.00942631732731
ASAP-0011402,67.85915831660833,46.45379353793496
ASAP-0011405,47.22852230751859,41.68688959257
ASAP-0011408,0.6933406831555109,0.6297562434635654
ASAP-0011414,1.436744413566639,1.277687687213972
ASAP-0011404,50.90167763124786,43.38869915078011
ASAP-0011412,29.33062513946715,24.83182455954239
ASAP-0011415,4.236612864596274,3.32348067257006
ASAP-0011260,10.4754094036631,9.193993591040146
ASAP-0011262,47.97574119637111,40.54363392824319
ASAP-0011268,9.259890182455822,7.937546701104906
ASAP-0011269,27.51315374661676,23.56647068366009
ASAP-0011276,63.22730237048641,56.18115755568314
ASAP-0011272,28.55269814802844,24.74490832228621
ASAP-0011280,14.55380500853972,12.5803757693713
ASAP-0011283,55.4718369996932,50.15000801632387
ASAP-0011285,7.814515572866752,7.032675595845862
ASAP-0011288,6.769743514271624,5.923734817495517
ASAP-0011292,10.25548786274158,9.473123755374642
ASAP-0011294,3.703975740517081,3.353882442346557
ASAP-0011296,53.35756366392243,47.30271663355458
ASAP-0011300,17.37080149182104,15.8838502250168
ASAP-0011304,87.68252761266133,76.17674524456736
ASAP-0011308,23.30784216515944,20.96557161676264
ASAP-0011290,2.577560520519787,2.325078219414298
ASAP-0011298,76.7874825032251,66.95912441573964
ASAP-0011306,28.38495229807236,24.78398452235884
ASAP-0011309,95.06042764667065,86.37335920582179
ASAP-0011312,10.41679944959642,9.441338100573793
ASAP-0011314,17.48073272317093,15.63436296885314
ASAP-0011318,11.44461443918117,10.56995954374018
ASAP-0011320,9.20698172677463,8.319497126663556
ASAP-0011322,86.95583608469536,76.87324050755578
ASAP-0011325,39.79475950847343,37.00131796563497
ASAP-0011329,87.1208506415757,77.82966550098573
ASAP-0011334,10.79729900242324,9.97460076124472
ASAP-0011324,1.023376365024196,0.9420531633482176
ASAP-0011332,15.35048681970216,13.45837328532251
ASAP-0011362,24.46065329859033,20.52004717485143
ASAP-0011235,5.394529993134781,4.623081525207133
ASAP-0011245,44.09783245937923,37.96343995514517
ASAP-0011246,28.18982239157856,24.25455593532066
ASAP-0011258,32.25569418667715,28.48419291010017
ASAP-0011241,15.45122594336319,12.85172836938076
ASAP-0011254,13.08225215177713,11.21186645960139
ASAP-0011364,16.88589806984652,15.50935302306124
ASAP-0011368,0.0927299890530149,0.0813778257662417
ASAP-0011379,12.1511122070541,11.1948656197405
ASAP-0011382,48.36700355438897,44.66613985957622
ASAP-0011385,80.07876880719284,74.23980175331978
ASAP-0011336,11.131067354996118,5.80805236710207
ASAP-0011338,0.31010176571779835,0.1975665783308278
ASAP-0011343,0.0371540045078432,0.0243421400307559
ASAP-0011346,0.4749369223746188,0.3498240120658753
ASAP-0011349,0.20256390195426044,0.1377876519690965
ASAP-0011358,0.5346319996735762,0.42224070362352706
ASAP-0011359,0.029051052821090148,0.0203646347388848
ASAP-0011340,61.03351230314323,38.833608875698005
ASAP-0011347,0.175860432305289,0.119735945661472
ASAP-0011502,36.60108354040558,30.09537821657225
ASAP-0011503,21.2776214213234,17.51884980149556
ASAP-0011504,91.55691150669838,72.78332454713478
ASAP-0011507,77.82275933154324,65.17755779942352
ASAP-0011512,82.64682236778927,72.2366263809553
ASAP-0011505,9.702100324901142,7.856283481251327
ASAP-0011509,9.480258386282268,7.844613802456272
ASAP-0011513,0.0249374233674154,0.0220642051603419
ASAP-0011515,23.98258923138269,12.682962769435862
ASAP-0011516,8.237127615535917,5.4597908173728555
ASAP-0011517,0.7648253394617406,0.509164868157421
ASAP-0011519,54.33129779379285,38.46957277486101
ASAP-0011518,18.526249858887095,10.646239501710891
ASAP-0011489,46.87130028031991,40.95052928462602
ASAP-0011490,70.27317812120646,60.55092007638331
ASAP-0011491,24.49019654411219,21.1238584592724
ASAP-0011493,12.06829540653094,10.69252222217538
ASAP-0011494,16.86516265027046,15.00585786587239
ASAP-0011495,22.36376829239402,19.50802727814789
ASAP-0011499,32.32577910729088,28.68895985868786
ASAP-0011501,8.219021788199722,7.25150500667641
ASAP-0011492,8.97913368505141,7.756450185769967
ASAP-0011500,31.12259996521464,27.4215845837609
ASAP-0011476,98.08679958714204,74.60781218068486
ASAP-0011477,27.57959015229098,20.86442496147652
ASAP-0011478,38.31251501130918,29.14579152727146
ASAP-0011480,7.923690705322178,6.301333057328977
ASAP-0011481,17.93880831898494,14.03529975125156
ASAP-0011482,4.621741309682823,3.653363560764707
ASAP-0011484,31.11674018145336,25.61394494296286
ASAP-0011485,0.0509563703204474,0.0457298588216614
ASAP-0011479,35.7932915628603,27.57696127427774
ASAP-0011483,0.3670874678789368,0.3085179258153856
ASAP-0011487,2.647112051916638,2.249202159411316
ASAP-0011463,20.19698377300961,17.36891558804392
ASAP-0011464,41.9521556769869,35.63810577348626
ASAP-0011465,33.55252301283628,28.65445853033036
ASAP-0011467,28.40721020665256,24.78020756183361
ASAP-0011468,16.50678782823098,14.43550762399791
ASAP-0011469,18.23018580134454,15.70267072676098
ASAP-0011471,11.26849402030987,10.10541029611629
ASAP-0011472,22.49118024625931,19.94496805806398
ASAP-0011473,9.858365627602174,8.64611759267219
ASAP-0011475,14.35409203028449,12.7910382988616
ASAP-0011466,22.45267965469256,19.20455535682499
ASAP-0011470,14.18860896679739,12.43948715063071
ASAP-0011474,21.26728891961815,18.76154766111355
ASAP-0011430,0.038921064248733,0.0351985552684219
ASAP-0011434,1.693751560585708,1.490847224411408
ASAP-0011443,11.59762662683971,10.16746913767116
ASAP-0011445,0.029069049008393,0.0269252671805138
ASAP-0011449,3.297231225023372,2.86980466993348
ASAP-0011454,55.49478113295638,49.58865860239714
ASAP-0011456,8.959436508421017,7.946645988417902
ASAP-0011458,13.87016901355789,12.21423220050542
ASAP-0011438,59.80167134445094,51.3093884753785
ASAP-0011451,16.67860008097992,14.65951315367475
ASAP-0011460,29.41173997952453,25.89470770035711
ASAP-0011656,0.0334208395173426,0.0244556018502901
ASAP-0011676,0.1447308961669638,0.0927339937943907
ASAP-0012331,0.0779916306108075,0.0690335753706396
ASAP-0012333,0.0589188693381029,0.0540393032966076
ASAP-0012335,0.0234697302710351,0.0218370616765062
ASAP-0012339,0.1080743022387217,0.0991106071729881
ASAP-0012326,10.1475010309081,8.408704020773385
ASAP-0012337,0.0373530354551327,0.0337573732901178
ASAP-0012341,16.90571887900464,14.27567021748514
ASAP-0012343,28.01266168462444,25.29612164288118
ASAP-0013265,0.0034919641905218,0.003088653950055
ASAP-0013266,0.0099057471155716,0.0088557209791285
ASAP-0013272,0.0272229104320228,0.0238009053506617
ASAP-0013263,0.0051067488949045,0.0044493441970872
ASAP-0013264,0.0076729928309938,0.0068963788487611
ASAP-0013267,0.0290669628736707,0.0258726935737319
ASAP-0013273,0.013492186325435,0.0121201335034101
ASAP-0013274,0.01770747936299,0.0160456175336214
ASAP-0013268,0.4667122415197514,0.3567142870148976
ASAP-0013262,0.0520297362656005,0.0419535390718158
ASAP-0013261,0.8557995902090104,0.7273908878769076
ASAP-0013270,3.319906396429525,2.897783678037201
ASAP-0013251,6.621159693611563,5.164175239612664
ASAP-0013249,0.4819274897786709,0.3852596370465206
ASAP-0013298,0.0270538938713749,0.0247065141743348
ASAP-0013299,0.0037295547524105,0.003523967472757367
ASAP-0013302,0.0374335076181188,0.0311720545920599
ASAP-0013310,0.4665097863563925,0.4077361211716058
ASAP-0013308,31.08366631820429,23.53600539648107
ASAP-0013311,56.27022974828002,48.50578290883974
ASAP-0013307,0.0393941956471331,0.0368983193658625
ASAP-0013309,1.017707032688855,0.8475784280968883
ASAP-0013305,0.209758960924234,0.1809107314832305
ASAP-0013297,1.058008852538398,0.8622714481839671
ASAP-0013306,47.14739808899767,35.65335012805139
ASAP-0013301,0.0805997424562015,0.0662566889809873
ASAP-0013303,0.2491185474455222,0.1870071357606726
ASAP-0013304,0.3408516388430882,0.300636379613877
ASAP-0013312,75.47164061823624,60.10946136100691
ASAP-0013300,0.0223707435601075,0.0189790206654254
ASAP-0013315,3.428223354560857,3.003928324491091
ASAP-0013313,0.498615121681067,0.3930757626134361
ASAP-0012168,0.2918019788809236,0.257910926651454
ASAP-0013405,0.1370704928560597,0.12317623364127035
ASAP-0013402,73.51033907410195,64.32878260009207
ASAP-0013403,30.998641104082488,26.98122456601461
ASAP-0013407,0.0913680039149419,0.08214923325499171
ASAP-0013400,1.113325808921945,0.9903362370934479
ASAP-0013423,0.10849850781477186,0.0997577390076936
ASAP-0013404,0.20989912116313955,0.19211097066270266
ASAP-0013279,0.0554769788006326,0.0502693369259875
ASAP-0013713,34.71173156029039,25.85975000739299
ASAP-0013716,0.0035581514191609,0.0034673347820118
ASAP-0013717,0.2211829107422785,0.1878103070201261
ASAP-0013718,0.9377670251134242,0.7636721841414281
ASAP-0013720,0.3658181141782609,0.3298030057706753
ASAP-0013721,0.3887445201557645,0.3324565458020314
ASAP-0013722,0.01236446183464,0.0114411379542251
ASAP-0013715,28.3852649928241,23.00823800219781
ASAP-0013719,0.6701793313577034,0.548171191135485
ASAP-0013397,0.0310977903261064,0.0290388536520689
ASAP-0013414,0.0343340980970919,0.0297842310841605
ASAP-0013398,0.0527113358246471,0.0473474440173628
ASAP-0013413,0.0833994684127499,0.0750359183170679
ASAP-0013412,0.0486643426421279,0.043155487951493
ASAP-0013731,0.0142722205641357,0.0129628123110485
ASAP-0013735,0.4222208933699608,0.3473087576578385
ASAP-0013739,0.0096190928604115,0.0090262048275848
ASAP-0013743,0.48583770852683184,0.4166960933153338
ASAP-0013814,0.0041752267628106,0.0040420210335325
ASAP-0013832,0.1160491923949801,0.1097740128583072
ASAP-0013836,2.846460986015509,2.633776341664224
ASAP-0013834,0.186802328004733,0.1744251006775699
ASAP-0013893,0.0123260882102489,0.0119739534228697
ASAP-0013898,0.0219725774554495,0.0214357143415774
ASAP-0013890,0.0289391492219234,0.027309550534368
ASAP-0013894,0.0066085228947906,0.0064885569299519
ASAP-0013889,0.174929293970553,0.1663554205586393
ASAP-0013892,0.0018483906907689,0.0017501429592577
ASAP-0013891,0.0101772591973205,0.0098473609277698
ASAP-0013925,0.0306609576366234,0.0295398249781904
ASAP-0014553,0.560928894558507,0.4987812935139466
ASAP-0014551,0.0134566882169625,0.012842225805842
ASAP-0014554,2.14178168847797,1.925300393986024
ASAP-0014572,0.3792831465604517,0.335856123848624
ASAP-0014582,0.1232266680637295,0.1158783490762616
ASAP-0014544,0.0357260751484855,0.0330834999246481
ASAP-0013646,9.215181737994568,2.803396913743141
ASAP-0012422,6.313589609603927,3.738522337589391
ASAP-0014612,0.0165923755396109,0.0158671902730573
ASAP-0014618,0.0275475702940762,0.0263591442687339
ASAP-0014619,0.0815302194040332,0.0770196676948189
ASAP-0014608,0.0080047235435477,0.0077429760611454
ASAP-0013612,0.5892979963859242,0.4379156149884363
ASAP-0014613,0.0107702740295454,0.010288756630559
ASAP-0014632,0.0973467719206401,0.0900406213185928
ASAP-0014646,0.0616119046698405,0.0580574116475426
ASAP-0014649,0.0231717818411863,0.0223062542428553
ASAP-0014654,89.11220168488923,67.52820684710015
ASAP-0014638,0.0637330464658731,0.0595665903514953
ASAP-0011526,36.7869671034926,25.31281660234169
ASAP-0011527,79.88316786343933,66.36075467412508
ASAP-0011528,0.0242410997285147,0.0226906811203085
ASAP-0011531,5.008883489195743,4.434157339339037
ASAP-0011532,0.5559343186376542,0.502237474394174
ASAP-0011533,13.84191542481829,11.19103818373249
ASAP-0014717,0.0190106617765039,0.0179202856964676
ASAP-0014740,1.178005415267265,1.03236559171817
ASAP-0014745,0.1213652867655683,0.1098347612820275
ASAP-0014753,0.0349575978177434,0.0323111985881615
ASAP-0011529,0.1116923349453965,0.103032206315979
ASAP-0014750,0.0092097313796501,0.0086758125752564
ASAP-0014758,0.2247793853840264,0.2077727071176411
ASAP-0014762,0.2109609849165657,0.1815000510491836
ASAP-0014764,0.0137991849748745,0.0120356560610766
ASAP-0014770,0.0149842212450742,0.0139957034902835
ASAP-0014773,0.008663888781225,0.00835634154931
ASAP-0014776,0.0065637167839007,0.0062100686923539
ASAP-0014784,0.3765444107624523,0.3572004715480101
ASAP-0014786,0.0033599689609699,0.003213855184977
ASAP-0014789,0.0364583037754406,0.0340167570163295
ASAP-0014794,0.0096592362634836,0.0089287651397119
ASAP-0014769,0.4792721368000218,0.4266075245269859
ASAP-0014780,0.8157531726702549,0.6641413265663891
ASAP-0014791,0.065767186271847,0.0567890110701209
ASAP-0014797,0.0026313551455594,0.0025089629852256
ASAP-0014800,0.0038662620392605,0.0037445226176244
ASAP-0014881,0.0936782291415708,0.0879395872012741
ASAP-0014882,0.1592988658983092,0.1479500583230027
ASAP-0014887,0.0315319913384181,0.0294995544883149
ASAP-0014888,0.0055263418448635,0.005073844881793
ASAP-0014889,0.0123885951391645,0.0108945085853599
ASAP-0014925,0.0028244131688032,0.0027050338693524
ASAP-0014886,0.0051023404312264,0.0049025457335545
ASAP-0014900,0.0121149594998485,0.0116009830508778
ASAP-0014931,0.0169581181121271,0.0163522989679359
ASAP-0014936,0.0675847063908958,0.0649290047093769
ASAP-0014943,0.0080664880387542,0.0065555764169554
ASAP-0014946,0.6817682548356031,0.6480115219064846
ASAP-0014948,0.0474361142359325,0.0443932200011302
ASAP-0014955,0.0276330170714692,0.0261452012127069
ASAP-0014956,0.1920903763966301,0.1809425844159061
ASAP-0014959,0.0103139537509354,0.0099486869470138
ASAP-0014966,0.0094398794835515,0.0090359012708569
ASAP-0014938,0.0543418573064149,0.0522792159604288
ASAP-0014951,0.0079557266662568,0.0076933315283421
ASAP-0014963,0.0164154645744543,0.0158016065213421
ASAP-0014970,0.0204565734369983,0.0198494716159699
ASAP-0014973,0.1392565671895422,0.1310293246620409
ASAP-0015078,0.0072662685170122,0.0070299259325987
ASAP-0015085,0.0048434698770602,0.0046343775794544
ASAP-0015090,0.0025176826373103,0.0024043698594274
ASAP-0015096,0.0042930150860456,0.0041371479341191
ASAP-0015099,0.0037170069420345,0.003570915570232
ASAP-0015102,0.0031804364705505,0.0030622730278075
ASAP-0015108,0.011022998171136,0.0104227942893032
ASAP-0015110,0.003211918631465,0.0030902216477298
ASAP-0015114,0.057835320838521,0.0563933983507919
ASAP-0015079,14.39097047226266,13.28195359863921
ASAP-0015092,0.0270435388561997,0.0259001344666639
ASAP-0015105,0.0119680321471197,0.0115057504011275
ASAP-0014212,0.0287160180491905,0.0271053169150475
ASAP-0014213,39.46817635638962,35.39614329532746
ASAP-0015219,0.0308003981888829,0.0296269471751474
ASAP-0015223,0.0368449425791479,0.0358197517781071
ASAP-0015227,0.005676642762219,0.0055095993441221
ASAP-0015229,0.0036363983086771,0.0035412687420114
ASAP-0015232,0.0134130916513646,0.0131280373991343
ASAP-0015239,0.0069129857661957,0.0066611396739734
ASAP-0015242,0.0034610588868344,0.0027039105145831
ASAP-0015290,0.1316702340365708,0.1278427937409556
ASAP-0015297,0.0298054496168545,0.0286497031768884
ASAP-0015225,0.0066008338286248,0.0064428329011571
ASAP-0015235,0.0420877554555376,0.0404013371776984
ASAP-0015294,0.0062657688372078,0.0061205222020577
ASAP-0015301,0.0032888974028442,0.0030888828219945
ASAP-0015306,0.0027770007009257,0.0026617587044134
ASAP-0015376,0.0139959387007997,0.0135521447310297
ASAP-0015380,0.0306659772002868,0.0291333326971109
ASAP-0015385,0.0100035042765217,0.0086152509928102
ASAP-0015389,0.0187097644974409,0.0177230624596344
ASAP-0015508,0.037201689046875,0.0355048860827355
ASAP-0015512,0.0522646735225072,0.048117862082097
ASAP-0015517,0.0023416035488995,0.0022038875480682
ASAP-0015521,0.0079789368374555,0.0076374811838067
ASAP-0015522,2.793885917120993,2.544586118148087
ASAP-0015514,0.0270815187562951,0.0256672137419133
ASAP-0015638,0.0032292369389419,0.0031017884566994
ASAP-0015642,0.0030420684338215,0.0029305553495696
ASAP-0015646,0.0017741929434687,0.0016959314729895
ASAP-0015652,0.00528103631536655,0.00500362193871525
ASAP-0015656,0.0140431366338315,0.0132330535967469
ASAP-0015657,0.0135721146389686,0.0130955115794442
ASAP-0015663,0.024420147832007,0.0235191978851432
ASAP-0015666,0.0218306534317241,0.020778031291084
ASAP-0015669,0.0161667424986707,0.0155654841266815
ASAP-0015677,0.0230410530085562,0.0220710149027375
ASAP-0015648,0.0066769236825374,0.0064187727773405
ASAP-0015660,0.0113269617742852,0.0109477454482491
ASAP-0015672,0.0129788546085219,0.0124799269548358
ASAP-0015679,0.0300481443266289,0.0284749872301514
ASAP-0015773,0.0114194334279722,0.0107267188260375
ASAP-0015777,0.0751663891980315,0.0698091808037181
ASAP-0015780,1.429117044721107,1.330396339998023
ASAP-0015896,0.0022061128496975,0.0021298276924637
ASAP-0015900,0.024191852734042,0.0230828092391805
ASAP-0015906,0.029098508252582,0.0268828632042105
ASAP-0015910,0.0653822406372954,0.0617353097616105
ASAP-0015913,0.0961347123014145,0.0907216056590895
ASAP-0015904,0.0256936090105022,0.0239069451347469
ASAP-0015916,0.0748670943601834,0.0678446997393073
ASAP-0016094,0.0182412905984248,0.0171048519357525
ASAP-0016104,2.941889639292641,2.665393149458435
ASAP-0016101,0.0077350745833507,0.0073550689663639
ASAP-0016106,0.0095730818978004,0.0092403913135005
ASAP-0016110,0.0129344081081553,0.0124130121206306
ASAP-0016097,0.0019820883223327,0.0018820504319404
ASAP-0016375,0.0047659605300954,0.0046031602579162
ASAP-0016376,0.0036825131094185,0.0035490095310649
ASAP-0016432,1.712984652401696,1.523907001768527
ASAP-0016433,0.0197730938694361,0.0184184909791247
ASAP-0016377,0.0245417299784828,0.0231339471965593
ASAP-0016503,0.0353907456740483,0.0333515870066714
ASAP-0016504,0.0066587537487329,0.0062907875441808
ASAP-0016506,0.0010528707249212,0.0010161474614958
ASAP-0016507,0.0028360234520209,0.0026903736119574
ASAP-0016508,0.0512898263737324,0.0484772709386453
ASAP-0016510,0.001620789887086,0.0015461042433455
ASAP-0016511,0.0541601871717811,0.0491704067230989
ASAP-0016438,4.825416638411808,4.553282271351995
ASAP-0016440,63.14633060668376,56.63836779426287
ASAP-0016505,0.0012674802269797,0.0012164685631175
ASAP-0016509,0.0032992219848797,0.0031078434052381
ASAP-0016539,0.0096316314394131,0.0090351627241356
ASAP-0016540,0.1005946335968128,0.0946253824546545
ASAP-0016542,0.0401082164944157,0.0384658343462486
ASAP-0016543,0.1939218473745058,0.1849683570184347
ASAP-0016544,0.0228676579917456,0.0217199532472485
ASAP-0016546,0.1297526893359827,0.1229417169705934
ASAP-0016547,1.29640537371829,1.180811266817992
ASAP-0016541,0.0132306770465254,0.0125260072747352
ASAP-0016545,0.0078896505721378,0.0075242626668005
ASAP-0016838,0.5545649877851676,0.5157807578566659
ASAP-0016845,0.0018613947144866,0.0017947493545124
ASAP-0016823,0.0359681635922146,0.0338168282771005
ASAP-0016846,0.0287049870025688,0.0272799374527625
ASAP-0016592,0.0085444050487433,0.0080534018055142
ASAP-0016593,0.0052124850166577,0.004891685399004
ASAP-0016819,0.0386462173717477,0.0366935705108114
ASAP-0016591,0.0269936512392603,0.0257534512388098
ASAP-0016973,44.25195243741767,41.58496031728117
ASAP-0016974,0.0021085230817318,0.0020159209610831
ASAP-0016983,0.1388679541917108,0.1318896664805207
ASAP-0016902,0.0022204507796328,0.0020739119381582
ASAP-0017056,0.0152197165585221,0.0147128911904834
ASAP-0017057,0.002170348819881,0.0020827500622563
ASAP-0017148,10.14013695371449,9.02508563402497
ASAP-0017238,0.0017775050614469,0.0016891303134712
ASAP-0017239,0.0035529514658078,0.0034346970880538
ASAP-0017058,0.0496312450727494,0.0478002368240143
ASAP-0017428,16.31035257041097,12.89153064439533
ASAP-0017393,2.561122977312015,2.421320500343134
ASAP-0017339,0.0033466848161693,0.0030984603898841
ASAP-0017370,0.0019501498413003,0.0018715409599347
ASAP-0017386,0.04288870999603,0.0346230756436567
ASAP-0017328,0.0091372643202421,0.0088409888930476
ASAP-0017445,0.0015995016048345667,0.0015461267875893664
ASAP-0017446,0.0019778298062953,0.0018909614970592
ASAP-0017448,0.0025605167987261,0.0024046909682896
ASAP-0017449,0.003934368456527,0.0038010515816974
ASAP-0017450,0.0394808368373124,0.0386216090705921
ASAP-0017447,0.0549999724795516,0.0527346313879934
ASAP-0017451,0.1208897345970927,0.1153005749257216
ASAP-0017656,0.0016416636447412,0.0015685137900793
ASAP-0017653,0.0046672021020223,0.004427079617638
ASAP-0017740,0.0382604488641851,0.0351733099606314
ASAP-0017714,0.0022766919595119,0.0021669576918453
ASAP-0017664,0.1006100005610007,0.0933480458616112
ASAP-0017685,0.0052038845717031,0.0048843335203598
ASAP-0017681,0.0043393468729262,0.0040839761853018
ASAP-0017661,0.0045580638467854,0.0043185395334295
ASAP-0017727,0.0310570363905222,0.0291844694632547
ASAP-0017647,0.0024100643364181,0.0022903184152507
ASAP-0020981,0.0019957364749602,0.0018947514477861
ASAP-0020966,0.0017752587237221,0.0016846766847487
ASAP-0020960,0.006187920968528,0.0058069887747118
ASAP-0021055,55.42608923295912,48.15209738762883
ASAP-0020945,0.0058323925009688,0.0053388836163072
ASAP-0020888,0.0018567574943597,0.0017662121125583
ASAP-0020941,1.31190143640243,1.15750757827351
ASAP-0020885,0.0035007448996096,0.0032877333956346
ASAP-0021181,0.0237511348820531,0.0226364739814949
ASAP-0021173,1.789209594321895,1.66700353072042
ASAP-0021240,0.0012262120794735,0.0011796242902624
ASAP-0021090,0.003079221950875,0.002954144156127
ASAP-0021174,0.1363402511356381,0.1299516307936088
ASAP-0021184,0.0039232292533719,0.0037200539702534
ASAP-0021226,0.0050380636954569,0.0048155047911699
ASAP-0021223,0.0040099346839649,0.0038579382834806
ASAP-0021103,3.931634244514173,2.742212071163451
ASAP-0021176,0.0014465200361591,0.0013883345753905
ASAP-0021170,0.0026599838158962,0.0025286981229395
ASAP-0022459,0.0056597779550742,0.00520975996313975
ASAP-0022464,0.0019292482091723502,0.00182199507288015
ASAP-0022465,0.016965764577298002,0.01477132173490475
ASAP-0022467,0.01065776412364595,0.0094898446794723
ASAP-0021629,0.0030482866806281,0.00284545071181945
ASAP-0022456,0.0348877980956656,0.030439091187292152
ASAP-0022457,1.5798756569477401,1.281990254522313
ASAP-0022458,0.049763813594988,0.044547334537755154
ASAP-0022466,0.0034231092637632497,0.00317870513977165
ASAP-0022997,0.0030214998135543,0.0029268681447766
ASAP-0022941,0.0267746561987543,0.0249458289083758
ASAP-0000370,0.0020774510960384,0.0019898747061646
ASAP-0023193,0.0023910173559153,0.0023121662091655
ASAP-0023194,0.0021917067522899,0.0021167216697264
ASAP-0023195,0.0181263518573894,0.0167242551118294
ASAP-0023351,0.0018917605529712,0.0018334168468436
ASAP-0023389,0.0034440880869039,0.0032452187724144
ASAP-0023368,0.0015444167071891,0.0014865148162443
ASAP-0023457,0.0019879170084898,0.0019251759151506
ASAP-0023449,0.0014892238870841,0.0014474946778751
ASAP-0023469,0.0019219388324886,0.0018455949237251
ASAP-0023511,0.0025194962491567,0.0024321639025992
ASAP-0027567,0.0019485681556545,0.0018408082211638
ASAP-0027639,0.0023626696664709,0.0022867028503046
ASAP-0023359,0.0016407251544387,0.0015830228914102
ASAP-0023481,0.0016484055960886,0.0015843953882997
ASAP-0027562,0.0010369389022784,0.0010007571988921
ASAP-0027591,0.0048723222491671,0.0047063110195593
ASAP-0027631,0.021797817327529,0.0206722579049908
ASAP-0027675,0.0010132471957508,0.0009913698131611
ASAP-0027677,0.0020531353090803,0.0019767766506344
ASAP-0027678,0.0010703200140593,0.0010304015811929
ASAP-0027679,0.0011611598397077,0.0011106381102822
ASAP-0027681,0.0046314800981746,0.0044220282468676
ASAP-0027682,0.0014200164989714,0.0013772213579282
ASAP-0027683,0.0014868057772093,0.0014382107943113
ASAP-0027685,0.0011317910199039,0.0011016866493813
ASAP-0027676,0.0012803084936643,0.0012368566396359
ASAP-0027680,0.0041241219887157,0.0039696485766593
ASAP-0027684,0.0013730114673894,0.0013323515149483
ASAP-0027686,0.0010997894594267,0.0010795025796741
ASAP-0027687,0.0058575166648795,0.0056695177427295
ASAP-0027688,0.0015013241574018,0.0014533889823475
ASAP-0027690,0.0240659163781701,0.0224292544438417
ASAP-0027691,0.0019128582353515,0.0018321981850955
ASAP-0027689,0.0124425556201628,0.0117351496749424
ASAP-0027774,0.0122916384078318,0.0119708717963701
ASAP-0027795,0.0021162731863415,0.0020314420420088
ASAP-0027802,0.0046156642011589,0.004469314706901
ASAP-0027791,0.0095957177322735,0.0092495236533283
ASAP-0027809,0.0050000949307647,0.0048545585572498
ASAP-0027801,0.001290725031247,0.0012667126816808
ASAP-0027765,0.0017233326182882,0.0016675165388291
ASAP-0027737,0.0019224806491215,0.0018659644109105
ASAP-0027755,0.0018156040868102,0.0017404744697138
ASAP-0027733,0.0012466002274025,0.0012230471912963
ASAP-0027797,0.001311900685726,0.0012825145071781
ASAP-0027783,0.0013141046572906,0.0012781720848736
ASAP-0027773,0.0036888652101035,0.0036119560783048
ASAP-0027780,0.0081306614706996,0.0077959785549439
ASAP-0027844,0.008041475855288,0.0077908729026621
ASAP-0027870,0.0017323896554297,0.0016248313416282
ASAP-0027831,0.0012892361722313,0.0012649639682754
ASAP-0027860,0.0171290444563298,0.0165572042692891
ASAP-0027818,0.0012940523739912,0.0012596711041817
ASAP-0027838,0.0013242129108478,0.0013022807185923
ASAP-0027819,0.0058035329489829,0.0056676279659556
ASAP-0027871,0.0012500936322258,0.0012346002578799
ASAP-0027821,0.001117553379871,0.0011033006574341
ASAP-0027848,0.0028691517417208,0.0028166319345753
ASAP-0027820,0.0015275264674143,0.0014976248559973
ASAP-0027968,1.104147464007741,0.9572553549346176
ASAP-0027924,10.26887505862218,9.600882016915667
ASAP-0027974,0.0176763645526218,0.0167629784718866
ASAP-0027994,1.98349255996454,1.859537615826854
ASAP-0027969,13.35897412354553,12.38410328618489
ASAP-0028004,23.18889058887418,21.48165239841632
ASAP-0027976,0.533815541476261,0.5068912892837352
ASAP-0027949,12.6248196623463,11.39566109468159
ASAP-0027997,18.23010633038194,16.71578966885412
ASAP-0028021,0.0014721500831752,0.0014489431260196
ASAP-0028002,0.5898472540224028,0.5469361932139898
ASAP-0028001,1.677633168438308,1.583486282804936
ASAP-0027938,0.0026721323650742,0.0025933706883279
ASAP-0027985,0.0077031474530958,0.0073534676258292
ASAP-0027975,14.72406624110232,13.54961956019361
ASAP-0028010,0.0088567902855447,0.0083419496513917
ASAP-0028028,0.0011530833707189,0.0011417805079952
ASAP-0027999,0.00172819762409,0.0016455128456843
ASAP-0028012,42.49711144086117,37.67046985954087
ASAP-0027945,0.0018321269998338,0.001794581383899
ASAP-0028008,0.017463019561169,0.0170660473586795
ASAP-0027939,0.0025649955142673,0.002497274760595
ASAP-0027937,0.0036276864437908,0.0035328232866704
ASAP-0027990,0.0024562594375789,0.0024106552024127
ASAP-0028825,0.0132160943066812,0.012722027394177
ASAP-0028837,0.1358054345776591,0.1257109783132961
ASAP-0028860,0.0099371823730282,0.0095434836731433
ASAP-0028819,7.500197941682296,6.888656518122046
ASAP-0028820,0.3115838637560345,0.2931865778115861
ASAP-0028813,0.0129597313969323,0.0122462931809039
ASAP-0028826,0.0078999076360194,0.0074655044015644
ASAP-0028886,0.0011668165100845,0.0011038060781282
ASAP-0028815,68.50946331583357,60.36974491947127
ASAP-0028838,6.666825088532796,6.015007918012994
ASAP-0028809,0.0076811268006524,0.0073508680209245
ASAP-0028814,0.0241532625253058,0.0230424898300704
ASAP-0028804,81.43354347486941,73.72835183890649
ASAP-0028856,1.877999476562985,1.745817165815457
ASAP-0028829,36.05327361978657,33.54523111236625
ASAP-0028823,0.4081549039682305,0.3804027201708929
ASAP-0028867,60.59568380409193,54.07584550983749
ASAP-0028872,45.14483108786459,40.65780157705896
ASAP-0028832,3.618069900586291,3.304605974259847
ASAP-0028844,39.62888340066617,35.10063240438259
ASAP-0028868,0.0051910056061768,0.0050353154635061
ASAP-0028833,76.79788733699377,68.05714719347772
ASAP-0028818,0.3386360370244686,0.3152444718307527
ASAP-0028855,9.71337918088004,8.846617307454919
ASAP-0028858,0.6200295389885505,0.5372489795655203
ASAP-0028917,0.0019567398324271,0.0019183302297158
ASAP-0028906,0.0042095527215261,0.0040388367015007
ASAP-0028909,0.0014632571193408,0.0014186909838649
ASAP-0028920,0.001691673331154,0.0015947520726305
ASAP-0028919,0.0022286250306103,0.0021854796103944
ASAP-0028931,0.0020557303722627,0.002012593891883
ASAP-0028893,0.001574420261173,0.0015327685265836
ASAP-0028907,0.0013744777108453,0.001334765869414
ASAP-0028936,0.0026594951171515,0.0025943242817578
ASAP-0028935,0.0080575185215717,0.0077263812246261
ASAP-0028941,0.0017102352727014,0.001676784991261
ASAP-0028932,0.0274653393624789,0.0262613818164319
ASAP-0028934,27.68871001924492,25.3362714101792
ASAP-0028899,0.055103352371405,0.0530631600259652
ASAP-0028944,0.0012706428212924,0.0012455505256209
ASAP-0028945,0.0012998071560299,0.0012572182388206
ASAP-0028947,0.0074950137160934,0.0072697756677155
ASAP-0028948,0.0017873334004969,0.001746470147818
ASAP-0028949,0.0036776998077783,0.0035217432397727
ASAP-0028951,0.0035101590214848,0.0034155096512793
ASAP-0022922,6.254727997274184,4.974698977225467
ASAP-0028946,0.0023651276256141,0.0022817516698403
ASAP-0028950,0.0059560995414122,0.0057481808514561
ASAP-0029037,0.2211880345321038,0.2053610778375925
ASAP-0029008,0.0030897267600227,0.003021010584071
ASAP-0029024,0.0124513956082097,0.0121152641709048
ASAP-0029028,0.0024305116773588,0.0023905505463932
ASAP-0028999,0.6227417082462555,0.604267401978558
ASAP-0029043,0.0013365945224968,0.0013064291215893
ASAP-0029065,0.008635600530071,0.0083025878558271
ASAP-0029104,0.0017996414987282,0.0017196551417577
ASAP-0029121,0.0015318194751703,0.0014955714041453
ASAP-0029315,92.0970600984763,83.92723985722533
ASAP-0029303,1.043831313960603,0.9855589936207868
ASAP-0029287,0.3388024869356879,0.3155191737423863
ASAP-0029282,56.56150556179611,52.40124887143048
ASAP-0029337,8.436527325928392,7.742734851678008
ASAP-0029271,6.928322210178866,6.313553735440316
ASAP-0029353,7.491412748679747,6.96995532332199
ASAP-0029293,34.53647304401778,32.05443096120472
ASAP-0029335,92.5643123153444,80.24225828028622
ASAP-0029313,8.608192060576563,7.885130828877563
ASAP-0029363,1.285253878119727,1.196391537686443
ASAP-0029358,55.52050831980145,50.81821833201483
ASAP-0029342,26.77745524824939,25.02940413703953
ASAP-0029346,5.444601312604398,5.09978338970626
ASAP-0029289,22.46343613235888,20.94682716870925
ASAP-0029300,49.48884331553804,45.94293733271507
ASAP-0029324,68.21219290195654,62.92468428658535
ASAP-0029365,13.09297895024408,12.33139399047566
ASAP-0029298,0.0190850456795264,0.018375121567453
ASAP-0029343,0.8929582543654124,0.8447932666189235
ASAP-0029370,0.0427204014879843,0.0413114423929195
ASAP-0029333,4.337314115859389,4.04556368788099
ASAP-0029340,0.0198003038413356,0.0187609160538073
ASAP-0029273,0.0177326249239578,0.0169965740088181
ASAP-0029276,85.52268241367763,75.18481511705639
ASAP-0029392,95.15391142339492,82.24105701633236
ASAP-0029396,58.42255170505379,53.22929667600079
ASAP-0029398,0.0046516325927109,0.0045033231984604
ASAP-0029402,23.58115341487656,21.51194447849846
ASAP-0029403,10.92240630002549,9.923549100827175
ASAP-0029405,88.04225120117499,76.53604385465489
ASAP-0029408,1.250086090865517,1.157363322663611
ASAP-0029386,0.0083140443992785,0.0078772595166843
ASAP-0029400,5.819052514822839,5.176391391530657
ASAP-0029407,6.85878829445145,5.603849639528566
ASAP-0029411,27.02473044364148,24.68818440294572
ASAP-0029413,31.12893099101962,28.40604574230547
ASAP-0029414,48.04611124053145,43.20980327361875
ASAP-0029417,7.992720514272799,7.023508834418341
ASAP-0029418,13.43991548961526,12.3027481573896
ASAP-0029423,0.5945050666980456,0.5444430008302309
ASAP-0029425,33.74921822153158,30.08702191578313
ASAP-0029426,23.59317451230567,21.3907828831098
ASAP-0029416,0.0590204245148012,0.0548063551746671
ASAP-0029422,0.0017992245441658,0.0017387639461542
ASAP-0029434,55.98416081115468,48.33623799551581
ASAP-0029439,58.71136346683584,50.65381644904218
ASAP-0029444,45.36973953133818,39.40144234538229
ASAP-0029448,1.341740323386525,1.197218164870642
ASAP-0029449,88.78931214246246,76.94154369399664
ASAP-0029452,71.59343823130206,64.23000796881098
ASAP-0029438,6.780342492735936,5.972246775117335
ASAP-0029447,28.48179653033642,24.49292811327097
ASAP-0029459,21.77070449099634,19.96611152622005
ASAP-0029460,1.612604536879461,1.499995230337524
ASAP-0029465,9.74723067861827,8.748836058178014
ASAP-0029469,0.0242197998104864,0.0232938585576666
ASAP-0029472,38.25277333502857,33.89905871088743
ASAP-0029475,43.14081436833899,38.79869880143304
ASAP-0029476,5.947237663036271,5.32448672380608
ASAP-0029464,6.32617283715298,5.683957793103466
ASAP-0029474,72.71634814306098,64.4963216561091
ASAP-0029478,0.0054321596027223,0.0052543984275893
ASAP-0029482,23.96514059266138,21.8833712646141
ASAP-0029483,53.81462905984264,49.3266980007362
ASAP-0029484,0.0045352675775735,0.0044169655874206
ASAP-0029487,17.71696881262454,15.9667387275679
ASAP-0029488,16.77225097174262,15.37557877583443
ASAP-0029489,64.62264006687025,57.47116666337799
ASAP-0029492,0.0039400303409007,0.0037888852939931
ASAP-0029494,3.261044552668432,2.98044569954011
ASAP-0029495,13.83959132435292,12.93771936382639
ASAP-0029500,45.84305724737721,41.73516308291763
ASAP-0029485,67.21623670520859,60.12232131418655
ASAP-0029490,57.92472658762605,51.2995047095199
ASAP-0029499,72.627561790082,64.6483852728654
ASAP-0029502,4.736785499721383,4.471674078794282
ASAP-0029509,96.9299474617463,84.37120729133453
ASAP-0029510,45.8659621302124,41.83308381228996
ASAP-0029522,39.06955359242521,35.85742691048855
ASAP-0029524,34.86315040777498,31.18580956950018
ASAP-0029528,63.23283590354966,57.52620681057826
ASAP-0029535,61.19936759570977,56.64165161290682
ASAP-0029537,13.27563044615852,12.26186984301456
ASAP-0029527,56.47501706093369,51.29749680046108
ASAP-0029536,7.791662805236572,7.056154839413232
ASAP-0029746,0.6987968643945436,0.6528530493608535
ASAP-0029663,86.90637790467966,81.95534065822277
ASAP-0029648,25.16211869124073,23.62222741428546
ASAP-0029742,8.383883168848012,8.107112162624635
ASAP-0029639,4.373131126162016,4.152219984559607
ASAP-0029609,4.732404069357799,4.499484651755528
ASAP-0029674,2.126130589984565,2.021580232212802
ASAP-0029665,40.28304987185079,36.87990107494585
ASAP-0029551,7.741261025354192,7.44664073868313
ASAP-0029611,54.64902415249882,50.76982097182033
ASAP-0029620,48.37127512685993,46.11855171985927
ASAP-0029557,25.55442396187303,23.29184262981135
ASAP-0029680,2.60890604213536,2.053145391242363
ASAP-0029708,28.06904785920437,26.19200850929944
ASAP-0029671,51.43627647224921,48.21242999429453
ASAP-0029656,11.11317209241516,10.31728206237663
ASAP-0029565,4.623448802116926,4.347953694550882
ASAP-0029664,68.47702232734777,63.78477014344416
ASAP-0029662,10.83924006147723,10.17656994087398
ASAP-0029734,54.28534302470628,49.55722937229631
ASAP-0029564,6.378797907678979,5.89417810917893
ASAP-0029556,37.30054126603039,33.12912311037764
ASAP-0029701,13.07181866602959,12.23033136352082
ASAP-0029596,27.01944918580345,24.98414390946028
ASAP-0029628,1.620252008966467,1.514574185425806
ASAP-0029561,49.72394134856714,46.40414400072768
ASAP-0029699,3.978426355460747,3.723622393944301
ASAP-0029673,5.746980160930062,5.339419971168037
ASAP-0029550,10.18467529360781,9.537356146951389
ASAP-0029727,53.40462321783335,49.54413576113379
ASAP-0029716,17.47015489018175,16.42728709641284
ASAP-0029587,25.64301295226984,23.42445944693487
ASAP-0029600,4.88842365106236,4.003041841056436
ASAP-0029604,0.463970290108104,0.436544499331317
ASAP-0029696,10.08173509835625,9.420908352381852
ASAP-0029545,49.90112235632539,45.7121473502611
ASAP-0029579,3.086622397438622,2.779260195327148
ASAP-0029695,46.35703771425116,42.99276476123362
ASAP-0029712,27.9630387624079,26.47571068716758
ASAP-0029573,53.0298433048609,49.60725489877676
ASAP-0029657,0.9133240018496124,0.8698262575027502
ASAP-0029583,30.06423177887405,27.54844271366745
ASAP-0029576,9.995599490278527,9.22950435031272
ASAP-0029539,1.208090496158107,1.1368809746737
ASAP-0029710,7.011792376025809,6.472159271722004
ASAP-0029697,1.710635039360043,1.6098333070103
ASAP-0029738,2.107010951861704,1.814612921349288
ASAP-0029653,1.399966580753193,1.324425177520202
ASAP-0029582,3.691450170110246,3.499141821465193
ASAP-0029707,2.173398326095129,2.069557822739288
ASAP-0029558,35.15613610991536,32.75747695111344
ASAP-0029602,2.738004893314346,2.595318117568938
ASAP-0029700,3.22885825522978,3.061760278294941
ASAP-0029598,1.169045234735365,1.120024682841769
ASAP-0029591,6.721784681218115,6.185198196102133
ASAP-0029731,2.923621778873995,2.759717499131479
ASAP-0029634,1.359431976286805,1.285086455718495
ASAP-0029651,0.01117637511841,0.0107955749649755
ASAP-0029694,0.0022945606804086,0.0022503782227926
ASAP-0029560,0.0024870006625405,0.0023870177486751
ASAP-0029733,0.0267985345914827,0.0255142429709182
ASAP-0029615,0.0064232100166602,0.0062278088949277
ASAP-0029572,0.274430496049287,0.2597833649156936
ASAP-0029661,0.0122122259238037,0.0116977119819336
ASAP-0029741,0.0129346087764388,0.0117116586107136
ASAP-0029601,0.0045393615645776,0.0043669019904197
ASAP-0029547,0.0022059934147193,0.0020534754211815
ASAP-0029578,0.0099445029769494,0.0096139748345168
ASAP-0029643,0.0176964982067012,0.0168614123982942
ASAP-0029690,0.0104780259948993,0.0101173661693914
ASAP-0029652,0.0039427471982689,0.0038246156522609
ASAP-0029568,0.0043900521407347,0.0043235229068601
ASAP-0029684,0.0086807781040114,0.0082873314366093
ASAP-0029683,0.001988368560885,0.0019374906392375
ASAP-0029722,11.85641726519831,11.09667672221143
ASAP-0029679,0.005988188185152,0.005838250929785
ASAP-0029754,64.60948250436623,58.35143085405325
ASAP-0029767,19.67114441748418,17.07181412409276
ASAP-0029775,37.96725178153033,33.29802226500369
ASAP-0029794,6.030565882962305,5.326488831945777
ASAP-0029765,26.93483447402997,22.52329819292443
ASAP-0029776,90.78756189026312,77.2889127775476
ASAP-0029793,15.18996247409931,13.49402938929781
ASAP-0029798,14.84808422639769,13.15231410789338
ASAP-0029806,13.28360820030511,11.79149018566059
ASAP-0029809,16.54335672283607,14.38661793883545
ASAP-0029811,13.76920462008676,12.18951689913334
ASAP-0029818,23.6602381791373,20.77201785560824
ASAP-0029819,16.24899056714604,14.37426164231267
ASAP-0029822,49.98879400505847,43.82261195750594
ASAP-0029825,5.231315429938868,4.564584621800402
ASAP-0029846,53.42021040642054,45.67852547846881
ASAP-0029855,60.40088612281937,52.72846778390332
ASAP-0029861,7.753569323927901,6.716364127464712
ASAP-0029866,2.164736679281339,1.988847842529872
ASAP-0029868,42.80193056783676,36.94084324736293
ASAP-0029839,35.05323359786878,29.76303536471844
ASAP-0029867,14.16887558426444,12.08976381408566
ASAP-0029869,53.14266085210829,48.05135257119544
ASAP-0029882,38.928697915778635,35.634643276382285
ASAP-0029884,13.77700241089076,12.48100790757649
ASAP-0029897,60.10751211716926,54.38551729699913
ASAP-0029904,49.43945653487375,45.39902740782704
ASAP-0029906,85.20842766300767,76.58301019135307
ASAP-0029910,80.80991370548873,70.78782879992951
ASAP-0029885,12.29306172293265,10.78696787603226
ASAP-0029907,13.38936744155418,11.83356877252091
ASAP-0029918,72.88476953928222,64.51343285818238
ASAP-0029925,87.48366775891675,76.39371416006911
ASAP-0029856,0.0021650619276718,0.0021141900364198
ASAP-0029787,17.24729494056132,15.48618057726051
ASAP-0029805,0.0149417846743486,0.0141083687763739
ASAP-0029848,76.25992176372675,67.96056570028534
ASAP-0029849,0.0437518611581923,0.0421278952565005
ASAP-0029873,5.436300839386703,4.833928083700729
ASAP-0029929,86.87064789543076,74.44133012370966
ASAP-0029791,28.60367365012824,25.17901806778487
ASAP-0029871,0.0099925139446005,0.0095447772980029
ASAP-0029878,9.570680328638655,8.498437921157901
ASAP-0029887,73.13952860173272,62.97165275366327
ASAP-0029903,0.5312040121307731,0.4832649088324986
ASAP-0029920,0.0594837525550932,0.0551051208411091
ASAP-0029930,73.1207008927506,63.23530113214601
ASAP-0029915,0.006322088822731,0.0061095707912327
ASAP-0030057,5.34482025117003,4.89269348118389
ASAP-0029947,0.2803441816998073,0.2667623212465668
ASAP-0029987,0.0211795157462168,0.0206192754688167
ASAP-0029984,0.0057763069641129,0.005685362256003
ASAP-0030010,0.002958619027316,0.0028912149767997
ASAP-0029953,0.0055479265824487,0.0054339071067129
ASAP-0030055,12.84897293800396,11.77310873750963
ASAP-0030040,0.0681384965700246,0.0622568735664637
ASAP-0029978,0.0017078959874265,0.0016654410427145
ASAP-0030048,0.0076372952258142,0.0074965637513748
ASAP-0030113,0.0131113063969953,0.0127786729141053
ASAP-0030096,0.0045137452494444,0.0042878684549695
ASAP-0030856,9.262261792967694,8.659525617698183
ASAP-0030857,5.274974201853291,4.851871007602801
ASAP-0030756,6.918241123359773,6.375975798838377
ASAP-0030807,1.354413332790239,1.245475323655604
ASAP-0030702,4.49200246087414,4.224680554438519
ASAP-0030750,1.728692726131601,1.586130719336843
ASAP-0030751,0.9395098119997394,0.855588924720962
ASAP-0030064,0.0065731240630199,0.0063247354509213
ASAP-0030757,4.567739596658818,4.099600413439891
ASAP-0030703,2.872363953552977,2.596323649897322
ASAP-0030808,0.6407892857092728,0.5443608575841401
ASAP-0030878,5.954382770939066,5.338365905729377
ASAP-0030879,7.00952703193191,6.281532332779238
ASAP-0030818,5.151536461043648,4.000650731188849
ASAP-0030810,0.522707255862938,0.4813397266046182
ASAP-0030811,4.723152582080148,4.412080106794308
ASAP-0030718,2.843040540122435,2.574373001025075
ASAP-0030759,0.0022853909706004,0.0022241999587863
ASAP-0030713,0.0020480400308319,0.00201078647013
ASAP-0030817,3.241559086059794,2.95473018821351
ASAP-0030717,1.6398585122454,1.444457259607086
ASAP-0030982,7.91140342182072,7.41229285171224
ASAP-0030943,5.229293204112014,4.881255845296905
ASAP-0030921,0.7329040485667226,0.6877984971752886
ASAP-0030974,3.553092543084846,3.358860653118244
ASAP-0030975,11.20066062212671,10.43099892504087
ASAP-0030944,4.392091318411093,4.111133666202123
ASAP-0030922,1.191889635905169,1.117567805594744
ASAP-0030907,4.576680511159183,4.367546090739627
ASAP-0030941,0.0025909250989754,0.0025020218730164
ASAP-0030983,0.5929967526962555,0.5612499411245803
ASAP-0030906,7.090301423307688,6.576765333803133
ASAP-0030935,0.0019294939254883,0.0018928703382
ASAP-0030966,0.0033689538140584,0.0033171957398815
ASAP-0030947,0.0130797063315853,0.0125732310113517
ASAP-0030981,0.0069517844428869,0.006686160056557
ASAP-0030899,0.0035568683531182,0.0034543447188751
ASAP-0030914,0.0061015328665219,0.0059779735862681
ASAP-0031005,4.152881380479628,3.65786882114208
ASAP-0031035,50.23658784069715,47.06450735553937
ASAP-0031087,0.0034529945597433,0.0033899903730135
ASAP-0031116,33.83744645213967,30.52311148687648
ASAP-0030989,0.3338184858517872,0.3174444158711263
ASAP-0031011,17.63553374519468,16.50188564437234
ASAP-0031015,54.5957287979591,50.01721658397243
ASAP-0031016,2.481672342986843,2.297894119354234
ASAP-0031022,0.0368846083960999,0.0356387900844239
ASAP-0031056,0.0022941440918668,0.0022541486261161
ASAP-0031100,0.0168030138181718,0.0164482390127722
ASAP-0031012,3.659473638101128,3.407912130482246
ASAP-0031060,0.0022680596918618,0.0022309493603387
ASAP-0031013,0.0094723755580658,0.0092780668905748
ASAP-0031001,0.0208296796843076,0.0199043274465014
ASAP-0031187,0.2667476688032521,0.2546498489083029
ASAP-0031217,6.621816009948171,6.060900122681527
ASAP-0031218,1.019142771323016,0.9601845675400256
ASAP-0031127,3.222644469059476,3.010380068188135
ASAP-0031128,6.196766929212982,5.745448649561789
ASAP-0031224,40.61823298025206,37.66301443793164
ASAP-0031259,3.461276937367703,3.236287152900858
ASAP-0031226,4.177664901316148,3.883486097325737
ASAP-0031275,2.324766614019912,2.137753103250968
ASAP-0031188,1.183842435682863,1.117602875868912
ASAP-0031213,5.030044058078564,4.643389135696385
ASAP-0031276,11.77064280998297,10.76660240489602
ASAP-0031192,47.92638299757574,44.77205919697185
ASAP-0031123,21.19653802987379,19.97097768444567
ASAP-0031241,23.98947282010437,21.97669572341132
ASAP-0031279,68.89096541468525,64.86867568561705
ASAP-0031240,10.79229080065981,10.2933731842461
ASAP-0031159,10.59210068761673,9.706986222906623
ASAP-0031260,36.60117047889954,34.73429748813696
ASAP-0031239,72.97212517864483,68.09566878898424
ASAP-0031251,8.501966545509456,8.03004770114485
ASAP-0031146,0.6114927263207464,0.5895200727365463
ASAP-0031195,18.10002834636195,17.46979144944333
ASAP-0031151,93.37776989770096,85.75438659055736
ASAP-0031242,1.192134746587711,1.129430761387287
ASAP-0031186,24.86367489398263,23.19490507478861
ASAP-0031229,64.5352989415891,60.98429498567456
ASAP-0031173,0.005686312335222,0.0054104237773814
ASAP-0031321,0.0017391879895167,0.0017035333757416
ASAP-0031331,0.0025016760498982,0.0024198106368931
ASAP-0031442,1.53972947661629,1.461837458231461
ASAP-0031411,0.0719145826989897,0.0696417546592047
ASAP-0031446,0.001745684840753,0.0017003076939847
ASAP-0031444,54.60006740558778,50.92949032098476
ASAP-0031322,36.44938242316068,34.37259252559483
ASAP-0031372,0.7349151373064071,0.6992704250904614
ASAP-0031367,6.362112221806249,5.906942599553378
ASAP-0031418,40.24170106548974,37.21479139999865
ASAP-0031357,0.1375365282275336,0.130275544711635
ASAP-0031289,0.3206457932256904,0.3061209401799287
ASAP-0031433,73.36709508192016,65.02947953068458
ASAP-0031463,45.84550412639374,42.68321595080053
ASAP-0031398,0.045922766681482,0.0432754946643404
ASAP-0031445,0.3328032871555791,0.3107869473180886
ASAP-0031702,81.60233646868011,75.96866213362476
ASAP-0031522,0.1304342043507785,0.1251428580050822
ASAP-0031557,3.24450824601981,3.087303112265523
ASAP-0031552,2.05461243779542,1.926603114441662
ASAP-0031592,0.4971241080079845,0.4772802093506774
ASAP-0031558,0.0822556493059993,0.0793477162113491
ASAP-0031506,1.984547765862478,1.87816151940648
ASAP-0031698,0.0062819957950455,0.0056211707937044
ASAP-0031647,6.934797695235149,6.636494802420091
ASAP-0031617,2.79698348145681,2.621983495513998
ASAP-0031482,9.397218763519216,8.982872641425944
ASAP-0031722,33.00458541523611,30.78995969252597
ASAP-0031648,0.2000699034115869,0.1925110996334404
